[{"model": "dashboard.userdashboardmodule", "pk": 1, "fields": {"title": "Enlaces R\u00e1pidos", "module": "jet.dashboard.modules.LinkList", "app_label": null, "user": 1, "column": 0, "order": 0, "settings": "{\"draggable\": false, \"deletable\": false, \"collapsible\": false, \"layout\": \"inline\"}", "children": "[{\"title\": \"Volver al sitio\", \"url\": \"/\"}, {\"title\": \"Cambiar contrase\\u00f1a\", \"url\": \"/admin/password_change/\"}, {\"title\": \"Cerrar sesi\\u00f3n\", \"url\": \"/admin/logout/\"}]", "collapsed": false}}, {"model": "dashboard.userdashboardmodule", "pk": 2, "fields": {"title": "Aplicaciones", "module": "jet.dashboard.modules.AppList", "app_label": null, "user": 1, "column": 1, "order": 0, "settings": "{\"models\": null, \"exclude\": [\"auth.*\"]}", "children": "", "collapsed": false}}, {"model": "dashboard.userdashboardmodule", "pk": 3, "fields": {"title": "Administraci\u00f3n", "module": "jet.dashboard.modules.AppList", "app_label": null, "user": 1, "column": 2, "order": 0, "settings": "{\"models\": [\"auth.*\"], \"exclude\": null}", "children": "", "collapsed": false}}, {"model": "dashboard.userdashboardmodule", "pk": 4, "fields": {"title": "Acciones recientes", "module": "jet.dashboard.modules.RecentActions", "app_label": null, "user": 1, "column": 0, "order": 1, "settings": "{\"limit\": 10, \"include_list\": null, \"exclude_list\": null, \"user\": null}", "children": "", "collapsed": false}}, {"model": "dashboard.userdashboardmodule", "pk": 5, "fields": {"title": "\u00daltimas Noticias de Django", "module": "jet.dashboard.modules.Feed", "app_label": null, "user": 1, "column": 1, "order": 1, "settings": "{\"feed_url\": \"http://www.djangoproject.com/rss/weblog/\", \"limit\": 5}", "children": "", "collapsed": false}}, {"model": "dashboard.userdashboardmodule", "pk": 6, "fields": {"title": "Soporte", "module": "jet.dashboard.modules.LinkList", "app_label": null, "user": 1, "column": 2, "order": 1, "settings": "{\"draggable\": true, \"deletable\": true, \"collapsible\": true, \"layout\": \"stacked\"}", "children": "[{\"title\": \"Documentaci\\u00f3n Django\", \"url\": \"http://docs.djangoproject.com/\", \"external\": true}, {\"title\": \"Lista de correos Django \\\"django-users\\\"\", \"url\": \"http://groups.google.com/group/django-users\", \"external\": true}, {\"title\": \"Canal IRC de Django\", \"url\": \"irc://irc.freenode.net/django\", \"external\": true}]", "collapsed": false}}, {"model": "dashboard.userdashboardmodule", "pk": 9, "fields": {"title": "Modelos de la aplicaci\u00f3n", "module": "jet.dashboard.modules.ModelList", "app_label": "auth", "user": 1, "column": 0, "order": 0, "settings": "{\"models\": [\"auth.*\"], \"exclude\": null}", "children": "", "collapsed": false}}, {"model": "dashboard.userdashboardmodule", "pk": 10, "fields": {"title": "Acciones recientes", "module": "jet.dashboard.modules.RecentActions", "app_label": "auth", "user": 1, "column": 1, "order": 0, "settings": "{\"limit\": 10, \"include_list\": [\"auth.*\"], \"exclude_list\": null, \"user\": null}", "children": "", "collapsed": false}}, {"model": "dashboard.userdashboardmodule", "pk": 12, "fields": {"title": "Modelos de la aplicaci\u00f3n", "module": "jet.dashboard.modules.ModelList", "app_label": "appWeb", "user": 1, "column": 0, "order": 0, "settings": "{\"models\": [\"appWeb.*\"], \"exclude\": null}", "children": "", "collapsed": false}}, {"model": "dashboard.userdashboardmodule", "pk": 13, "fields": {"title": "Acciones recientes", "module": "jet.dashboard.modules.RecentActions", "app_label": "appWeb", "user": 1, "column": 1, "order": 0, "settings": "{\"limit\": 10, \"include_list\": [\"appWeb.*\"], \"exclude_list\": null, \"user\": null}", "children": "", "collapsed": false}}, {"model": "contenttypes.contenttype", "pk": 1, "fields": {"app_label": "dashboard", "model": "userdashboardmodule"}}, {"model": "contenttypes.contenttype", "pk": 2, "fields": {"app_label": "jet", "model": "bookmark"}}, {"model": "contenttypes.contenttype", "pk": 3, "fields": {"app_label": "jet", "model": "pinnedapplication"}}, {"model": "contenttypes.contenttype", "pk": 4, "fields": {"app_label": "admin", "model": "logentry"}}, {"model": "contenttypes.contenttype", "pk": 5, "fields": {"app_label": "auth", "model": "permission"}}, {"model": "contenttypes.contenttype", "pk": 6, "fields": {"app_label": "auth", "model": "group"}}, {"model": "contenttypes.contenttype", "pk": 7, "fields": {"app_label": "auth", "model": "user"}}, {"model": "contenttypes.contenttype", "pk": 8, "fields": {"app_label": "contenttypes", "model": "contenttype"}}, {"model": "contenttypes.contenttype", "pk": 9, "fields": {"app_label": "sessions", "model": "session"}}, {"model": "contenttypes.contenttype", "pk": 10, "fields": {"app_label": "appWeb", "model": "area"}}, {"model": "contenttypes.contenttype", "pk": 11, "fields": {"app_label": "appWeb", "model": "area_competencia"}}, {"model": "contenttypes.contenttype", "pk": 12, "fields": {"app_label": "appWeb", "model": "competencia"}}, {"model": "contenttypes.contenttype", "pk": 13, "fields": {"app_label": "appWeb", "model": "dependencia"}}, {"model": "contenttypes.contenttype", "pk": 14, "fields": {"app_label": "appWeb", "model": "pregunta"}}, {"model": "contenttypes.contenttype", "pk": 15, "fields": {"app_label": "appWeb", "model": "tipocuest"}}, {"model": "contenttypes.contenttype", "pk": 16, "fields": {"app_label": "appWeb", "model": "tipodep"}}, {"model": "contenttypes.contenttype", "pk": 17, "fields": {"app_label": "appWeb", "model": "tipousr"}}, {"model": "contenttypes.contenttype", "pk": 18, "fields": {"app_label": "appWeb", "model": "rtausr"}}, {"model": "contenttypes.contenttype", "pk": 19, "fields": {"app_label": "appWeb", "model": "respuesta"}}, {"model": "contenttypes.contenttype", "pk": 20, "fields": {"app_label": "appWeb", "model": "recomendacion"}}, {"model": "contenttypes.contenttype", "pk": 21, "fields": {"app_label": "appWeb", "model": "profile"}}, {"model": "contenttypes.contenttype", "pk": 22, "fields": {"app_label": "appWeb", "model": "nivel"}}, {"model": "contenttypes.contenttype", "pk": 23, "fields": {"app_label": "easy_thumbnails", "model": "source"}}, {"model": "contenttypes.contenttype", "pk": 24, "fields": {"app_label": "easy_thumbnails", "model": "thumbnail"}}, {"model": "contenttypes.contenttype", "pk": 25, "fields": {"app_label": "easy_thumbnails", "model": "thumbnaildimensions"}}, {"model": "sessions.session", "pk": "ipg152sbk6dz15qu3p29m9r73aura6xw", "fields": {"session_data": "MGMwZjE0YmZlZDg3YTRmMTc4ZGY1Yzc5MWMzNWE4Nzk3MmEwNGRkMzp7Il9hdXRoX3VzZXJfaWQiOiIxIiwiX2F1dGhfdXNlcl9iYWNrZW5kIjoiZGphbmdvLmNvbnRyaWIuYXV0aC5iYWNrZW5kcy5Nb2RlbEJhY2tlbmQiLCJfYXV0aF91c2VyX2hhc2giOiI5Mjk3MWVjY2YwYjI1MDk2Njk1ZThlNjdkMTNkMmJmMjY1YzZhMjI1In0=", "expire_date": "2020-02-15T19:22:21.177Z"}}, {"model": "sessions.session", "pk": "jvzdyzpro3yisvyzsp9iu6uz9w9478sm", "fields": {"session_data": "MjQ3NDcwN2JjYTE5M2MyYzQ0NThhMDljYTczODcyZDc4YjJmZTRiODp7Il9hdXRoX3VzZXJfaWQiOiIxIiwiX2F1dGhfdXNlcl9iYWNrZW5kIjoiZGphbmdvLmNvbnRyaWIuYXV0aC5iYWNrZW5kcy5Nb2RlbEJhY2tlbmQiLCJfYXV0aF91c2VyX2hhc2giOiI5Mjk3MWVjY2YwYjI1MDk2Njk1ZThlNjdkMTNkMmJmMjY1YzZhMjI1IiwiYmxvcXVlbyI6ImZhbHNlIiwiY3Vlc3Rpb25hcmlvX3Rlcm1pbmFkbzEiOnRydWUsImNhbGlmaWNhY2lvbjEiOjAsInRvdGFsMSI6MywibGlzdGExIjpbeyJjYXRlZ29yaWFzIjoiQWRtaW5pc3RyYWRvciIsInByZWd1bnRhcyI6W3siY29udGFkb3IiOjEsImlkX3ByZWd1bnRhcyI6MiwibGxlbmEiOnRydWUsImNvcnJlY3RhIjoiMSIsIm9wY2lvbiI6IjUifSx7ImNvbnRhZG9yIjoyLCJpZF9wcmVndW50YXMiOjEsImxsZW5hIjp0cnVlLCJjb3JyZWN0YSI6IjEiLCJvcGNpb24iOiIyIn0seyJjb250YWRvciI6MywiaWRfcHJlZ3VudGFzIjozLCJsbGVuYSI6dHJ1ZSwiY29ycmVjdGEiOiIyIiwib3BjaW9uIjoiMTAifV19XSwiY3Vlc3Rpb25hcmlvX2luaWNpYWRvMSI6dHJ1ZX0=", "expire_date": "2020-02-10T10:18:25.979Z"}}, {"model": "sessions.session", "pk": "rfaqufsaj160rfwn4161o38vy85qeciu", "fields": {"session_data": "ZGNmODc0MTk3NTlhNjFmNjZjZDYzMzg0NDY4NWQ4ZTM5ZjBiN2E0Yzp7Il9hdXRoX3VzZXJfaWQiOiI0IiwiX2F1dGhfdXNlcl9iYWNrZW5kIjoiZGphbmdvLmNvbnRyaWIuYXV0aC5iYWNrZW5kcy5Nb2RlbEJhY2tlbmQiLCJfYXV0aF91c2VyX2hhc2giOiJlZWIzMDlhMGU1ZTg4ZmZkOGFlMGNmNTIzYTgzYjlkMTYxYzQwYTE4IiwiYmxvcXVlbyI6ImZhbHNlIiwiY3Vlc3Rpb25hcmlvX3Rlcm1pbmFkbzIiOnRydWUsImNhbGlmaWNhY2lvbjIiOjIsInRvdGFsMiI6MywiY3Vlc3Rpb25hcmlvX2luaWNpYWRvMiI6dHJ1ZSwibGlzdGEyIjpbeyJjYXRlZ29yaWFzIjoiQWRtaW5pc3RyYWRvciIsInByZWd1bnRhcyI6W3siY29udGFkb3IiOjEsImlkX3ByZWd1bnRhcyI6NSwibGxlbmEiOnRydWUsImNvcnJlY3RhIjoiMSIsIm9wY2lvbiI6IjE3In0seyJjb250YWRvciI6MiwiaWRfcHJlZ3VudGFzIjo0LCJsbGVuYSI6dHJ1ZSwiY29ycmVjdGEiOiIxIiwib3BjaW9uIjoiMTQifSx7ImNvbnRhZG9yIjozLCJpZF9wcmVndW50YXMiOjYsImxsZW5hIjp0cnVlLCJjb3JyZWN0YSI6IjAiLCJvcGNpb24iOiIyMiJ9XX1dfQ==", "expire_date": "2020-02-15T20:40:00.307Z"}}, {"model": "sessions.session", "pk": "rvmt5pd49x5d5dawtyo7isa7lavw68rh", "fields": {"session_data": "ODllMTExM2Y3NjkwOTJjM2JlNTBhYTk1NmFkZDc2MGI4MGU5MmIzMjp7Il9hdXRoX3VzZXJfaWQiOiI1IiwiX2F1dGhfdXNlcl9iYWNrZW5kIjoiZGphbmdvLmNvbnRyaWIuYXV0aC5iYWNrZW5kcy5Nb2RlbEJhY2tlbmQiLCJfYXV0aF91c2VyX2hhc2giOiI5NTIyNzY1NGM5ZTUzZTljYTBjMWIzNzY3MzE2YjQzYTA1NWM2Nzk1IiwiYmxvcXVlbyI6InRydWUiLCJjdWVzdGlvbmFyaW9fdGVybWluYWRvMSI6ZmFsc2UsImNhbGlmaWNhY2lvbjEiOjAsInRvdGFsMSI6MCwibGlzdGExIjpbeyJjYXRlZ29yaWFzIjoiRXN0dWRpYW50ZXMiLCJwcmVndW50YXMiOltdfV0sImN1ZXN0aW9uYXJpb19pbmljaWFkbzEiOnRydWV9", "expire_date": "2020-02-10T10:31:50.275Z"}}, {"model": "sessions.session", "pk": "thqbkvwx9wih2kyz5mjnwgoom4cnl9rr", "fields": {"session_data": "MmRiYzdiNGIyMDM1NjkzMjRjMGRlOTM5ZjU4NDM5M2YwN2ZhODQ0Yjp7Il9hdXRoX3VzZXJfaWQiOiI0IiwiX2F1dGhfdXNlcl9iYWNrZW5kIjoiZGphbmdvLmNvbnRyaWIuYXV0aC5iYWNrZW5kcy5Nb2RlbEJhY2tlbmQiLCJfYXV0aF91c2VyX2hhc2giOiJlZWIzMDlhMGU1ZTg4ZmZkOGFlMGNmNTIzYTgzYjlkMTYxYzQwYTE4IiwiYmxvcXVlbyI6ImZhbHNlIiwiY3Vlc3Rpb25hcmlvX3Rlcm1pbmFkbzIiOnRydWUsImNhbGlmaWNhY2lvbjIiOjAsInRvdGFsMiI6MywibGlzdGEyIjpbeyJjYXRlZ29yaWFzIjoiQWRtaW5pc3RyYWRvciIsInByZWd1bnRhcyI6W3siY29udGFkb3IiOjEsImlkX3ByZWd1bnRhcyI6MiwibGxlbmEiOnRydWUsImNvcnJlY3RhIjoiMCIsIm9wY2lvbiI6IjcifSx7ImNvbnRhZG9yIjoyLCJpZF9wcmVndW50YXMiOjMsImxsZW5hIjp0cnVlLCJjb3JyZWN0YSI6IjAiLCJvcGNpb24iOiI5In0seyJjb250YWRvciI6MywiaWRfcHJlZ3VudGFzIjoxLCJsbGVuYSI6dHJ1ZSwiY29ycmVjdGEiOiIwIiwib3BjaW9uIjoiMyJ9XX1dLCJjdWVzdGlvbmFyaW9faW5pY2lhZG8yIjp0cnVlfQ==", "expire_date": "2020-02-15T19:56:20.828Z"}}, {"model": "sessions.session", "pk": "yeog8zdac19owa1jkp24d1ptjsqw9n2t", "fields": {"session_data": "YTI4NTJjMTE1YWM5MjFkZmZiM2QxMWQwMTE2ZTZiOTdlYjdlZWVjMTp7fQ==", "expire_date": "2020-01-21T01:07:42.283Z"}}, {"model": "auth.permission", "pk": 1, "fields": {"name": "Can add user dashboard module", "content_type": 1, "codename": "add_userdashboardmodule"}}, {"model": "auth.permission", "pk": 2, "fields": {"name": "Can change user dashboard module", "content_type": 1, "codename": "change_userdashboardmodule"}}, {"model": "auth.permission", "pk": 3, "fields": {"name": "Can delete user dashboard module", "content_type": 1, "codename": "delete_userdashboardmodule"}}, {"model": "auth.permission", "pk": 4, "fields": {"name": "Can view user dashboard module", "content_type": 1, "codename": "view_userdashboardmodule"}}, {"model": "auth.permission", "pk": 5, "fields": {"name": "Can add bookmark", "content_type": 2, "codename": "add_bookmark"}}, {"model": "auth.permission", "pk": 6, "fields": {"name": "Can change bookmark", "content_type": 2, "codename": "change_bookmark"}}, {"model": "auth.permission", "pk": 7, "fields": {"name": "Can delete bookmark", "content_type": 2, "codename": "delete_bookmark"}}, {"model": "auth.permission", "pk": 8, "fields": {"name": "Can view bookmark", "content_type": 2, "codename": "view_bookmark"}}, {"model": "auth.permission", "pk": 9, "fields": {"name": "Can add pinned application", "content_type": 3, "codename": "add_pinnedapplication"}}, {"model": "auth.permission", "pk": 10, "fields": {"name": "Can change pinned application", "content_type": 3, "codename": "change_pinnedapplication"}}, {"model": "auth.permission", "pk": 11, "fields": {"name": "Can delete pinned application", "content_type": 3, "codename": "delete_pinnedapplication"}}, {"model": "auth.permission", "pk": 12, "fields": {"name": "Can view pinned application", "content_type": 3, "codename": "view_pinnedapplication"}}, {"model": "auth.permission", "pk": 13, "fields": {"name": "Can add log entry", "content_type": 4, "codename": "add_logentry"}}, {"model": "auth.permission", "pk": 14, "fields": {"name": "Can change log entry", "content_type": 4, "codename": "change_logentry"}}, {"model": "auth.permission", "pk": 15, "fields": {"name": "Can delete log entry", "content_type": 4, "codename": "delete_logentry"}}, {"model": "auth.permission", "pk": 16, "fields": {"name": "Can view log entry", "content_type": 4, "codename": "view_logentry"}}, {"model": "auth.permission", "pk": 17, "fields": {"name": "Can add permission", "content_type": 5, "codename": "add_permission"}}, {"model": "auth.permission", "pk": 18, "fields": {"name": "Can change permission", "content_type": 5, "codename": "change_permission"}}, {"model": "auth.permission", "pk": 19, "fields": {"name": "Can delete permission", "content_type": 5, "codename": "delete_permission"}}, {"model": "auth.permission", "pk": 20, "fields": {"name": "Can view permission", "content_type": 5, "codename": "view_permission"}}, {"model": "auth.permission", "pk": 21, "fields": {"name": "Can add group", "content_type": 6, "codename": "add_group"}}, {"model": "auth.permission", "pk": 22, "fields": {"name": "Can change group", "content_type": 6, "codename": "change_group"}}, {"model": "auth.permission", "pk": 23, "fields": {"name": "Can delete group", "content_type": 6, "codename": "delete_group"}}, {"model": "auth.permission", "pk": 24, "fields": {"name": "Can view group", "content_type": 6, "codename": "view_group"}}, {"model": "auth.permission", "pk": 25, "fields": {"name": "Can add user", "content_type": 7, "codename": "add_user"}}, {"model": "auth.permission", "pk": 26, "fields": {"name": "Can change user", "content_type": 7, "codename": "change_user"}}, {"model": "auth.permission", "pk": 27, "fields": {"name": "Can delete user", "content_type": 7, "codename": "delete_user"}}, {"model": "auth.permission", "pk": 28, "fields": {"name": "Can view user", "content_type": 7, "codename": "view_user"}}, {"model": "auth.permission", "pk": 29, "fields": {"name": "Can add content type", "content_type": 8, "codename": "add_contenttype"}}, {"model": "auth.permission", "pk": 30, "fields": {"name": "Can change content type", "content_type": 8, "codename": "change_contenttype"}}, {"model": "auth.permission", "pk": 31, "fields": {"name": "Can delete content type", "content_type": 8, "codename": "delete_contenttype"}}, {"model": "auth.permission", "pk": 32, "fields": {"name": "Can view content type", "content_type": 8, "codename": "view_contenttype"}}, {"model": "auth.permission", "pk": 33, "fields": {"name": "Can add session", "content_type": 9, "codename": "add_session"}}, {"model": "auth.permission", "pk": 34, "fields": {"name": "Can change session", "content_type": 9, "codename": "change_session"}}, {"model": "auth.permission", "pk": 35, "fields": {"name": "Can delete session", "content_type": 9, "codename": "delete_session"}}, {"model": "auth.permission", "pk": 36, "fields": {"name": "Can view session", "content_type": 9, "codename": "view_session"}}, {"model": "auth.permission", "pk": 37, "fields": {"name": "Can add \u00c1reas acad\u00e9mica", "content_type": 10, "codename": "add_area"}}, {"model": "auth.permission", "pk": 38, "fields": {"name": "Can change \u00c1reas acad\u00e9mica", "content_type": 10, "codename": "change_area"}}, {"model": "auth.permission", "pk": 39, "fields": {"name": "Can delete \u00c1reas acad\u00e9mica", "content_type": 10, "codename": "delete_area"}}, {"model": "auth.permission", "pk": 40, "fields": {"name": "Can view \u00c1reas acad\u00e9mica", "content_type": 10, "codename": "view_area"}}, {"model": "auth.permission", "pk": 41, "fields": {"name": "Can add \u00c1reas de competencia", "content_type": 11, "codename": "add_area_competencia"}}, {"model": "auth.permission", "pk": 42, "fields": {"name": "Can change \u00c1reas de competencia", "content_type": 11, "codename": "change_area_competencia"}}, {"model": "auth.permission", "pk": 43, "fields": {"name": "Can delete \u00c1reas de competencia", "content_type": 11, "codename": "delete_area_competencia"}}, {"model": "auth.permission", "pk": 44, "fields": {"name": "Can view \u00c1reas de competencia", "content_type": 11, "codename": "view_area_competencia"}}, {"model": "auth.permission", "pk": 45, "fields": {"name": "Can add Competencias digitale", "content_type": 12, "codename": "add_competencia"}}, {"model": "auth.permission", "pk": 46, "fields": {"name": "Can change Competencias digitale", "content_type": 12, "codename": "change_competencia"}}, {"model": "auth.permission", "pk": 47, "fields": {"name": "Can delete Competencias digitale", "content_type": 12, "codename": "delete_competencia"}}, {"model": "auth.permission", "pk": 48, "fields": {"name": "Can view Competencias digitale", "content_type": 12, "codename": "view_competencia"}}, {"model": "auth.permission", "pk": 49, "fields": {"name": "Can add Dependencias acad\u00e9mica", "content_type": 13, "codename": "add_dependencia"}}, {"model": "auth.permission", "pk": 50, "fields": {"name": "Can change Dependencias acad\u00e9mica", "content_type": 13, "codename": "change_dependencia"}}, {"model": "auth.permission", "pk": 51, "fields": {"name": "Can delete Dependencias acad\u00e9mica", "content_type": 13, "codename": "delete_dependencia"}}, {"model": "auth.permission", "pk": 52, "fields": {"name": "Can view Dependencias acad\u00e9mica", "content_type": 13, "codename": "view_dependencia"}}, {"model": "auth.permission", "pk": 53, "fields": {"name": "Can add Pregunta", "content_type": 14, "codename": "add_pregunta"}}, {"model": "auth.permission", "pk": 54, "fields": {"name": "Can change Pregunta", "content_type": 14, "codename": "change_pregunta"}}, {"model": "auth.permission", "pk": 55, "fields": {"name": "Can delete Pregunta", "content_type": 14, "codename": "delete_pregunta"}}, {"model": "auth.permission", "pk": 56, "fields": {"name": "Can view Pregunta", "content_type": 14, "codename": "view_pregunta"}}, {"model": "auth.permission", "pk": 57, "fields": {"name": "Can add Tipos de cuestionario", "content_type": 15, "codename": "add_tipocuest"}}, {"model": "auth.permission", "pk": 58, "fields": {"name": "Can change Tipos de cuestionario", "content_type": 15, "codename": "change_tipocuest"}}, {"model": "auth.permission", "pk": 59, "fields": {"name": "Can delete Tipos de cuestionario", "content_type": 15, "codename": "delete_tipocuest"}}, {"model": "auth.permission", "pk": 60, "fields": {"name": "Can view Tipos de cuestionario", "content_type": 15, "codename": "view_tipocuest"}}, {"model": "auth.permission", "pk": 61, "fields": {"name": "Can add Tipos de dependencia", "content_type": 16, "codename": "add_tipodep"}}, {"model": "auth.permission", "pk": 62, "fields": {"name": "Can change Tipos de dependencia", "content_type": 16, "codename": "change_tipodep"}}, {"model": "auth.permission", "pk": 63, "fields": {"name": "Can delete Tipos de dependencia", "content_type": 16, "codename": "delete_tipodep"}}, {"model": "auth.permission", "pk": 64, "fields": {"name": "Can view Tipos de dependencia", "content_type": 16, "codename": "view_tipodep"}}, {"model": "auth.permission", "pk": 65, "fields": {"name": "Can add Tipos de usuario", "content_type": 17, "codename": "add_tipousr"}}, {"model": "auth.permission", "pk": 66, "fields": {"name": "Can change Tipos de usuario", "content_type": 17, "codename": "change_tipousr"}}, {"model": "auth.permission", "pk": 67, "fields": {"name": "Can delete Tipos de usuario", "content_type": 17, "codename": "delete_tipousr"}}, {"model": "auth.permission", "pk": 68, "fields": {"name": "Can view Tipos de usuario", "content_type": 17, "codename": "view_tipousr"}}, {"model": "auth.permission", "pk": 69, "fields": {"name": "Can add Respuestas Usuario", "content_type": 18, "codename": "add_rtausr"}}, {"model": "auth.permission", "pk": 70, "fields": {"name": "Can change Respuestas Usuario", "content_type": 18, "codename": "change_rtausr"}}, {"model": "auth.permission", "pk": 71, "fields": {"name": "Can delete Respuestas Usuario", "content_type": 18, "codename": "delete_rtausr"}}, {"model": "auth.permission", "pk": 72, "fields": {"name": "Can view Respuestas Usuario", "content_type": 18, "codename": "view_rtausr"}}, {"model": "auth.permission", "pk": 73, "fields": {"name": "Can add Respuesta", "content_type": 19, "codename": "add_respuesta"}}, {"model": "auth.permission", "pk": 74, "fields": {"name": "Can change Respuesta", "content_type": 19, "codename": "change_respuesta"}}, {"model": "auth.permission", "pk": 75, "fields": {"name": "Can delete Respuesta", "content_type": 19, "codename": "delete_respuesta"}}, {"model": "auth.permission", "pk": 76, "fields": {"name": "Can view Respuesta", "content_type": 19, "codename": "view_respuesta"}}, {"model": "auth.permission", "pk": 77, "fields": {"name": "Can add Recomendaci\u00f3ne", "content_type": 20, "codename": "add_recomendacion"}}, {"model": "auth.permission", "pk": 78, "fields": {"name": "Can change Recomendaci\u00f3ne", "content_type": 20, "codename": "change_recomendacion"}}, {"model": "auth.permission", "pk": 79, "fields": {"name": "Can delete Recomendaci\u00f3ne", "content_type": 20, "codename": "delete_recomendacion"}}, {"model": "auth.permission", "pk": 80, "fields": {"name": "Can view Recomendaci\u00f3ne", "content_type": 20, "codename": "view_recomendacion"}}, {"model": "auth.permission", "pk": 81, "fields": {"name": "Can add profile", "content_type": 21, "codename": "add_profile"}}, {"model": "auth.permission", "pk": 82, "fields": {"name": "Can change profile", "content_type": 21, "codename": "change_profile"}}, {"model": "auth.permission", "pk": 83, "fields": {"name": "Can delete profile", "content_type": 21, "codename": "delete_profile"}}, {"model": "auth.permission", "pk": 84, "fields": {"name": "Can view profile", "content_type": 21, "codename": "view_profile"}}, {"model": "auth.permission", "pk": 85, "fields": {"name": "Can add Niveles requerido", "content_type": 22, "codename": "add_nivel"}}, {"model": "auth.permission", "pk": 86, "fields": {"name": "Can change Niveles requerido", "content_type": 22, "codename": "change_nivel"}}, {"model": "auth.permission", "pk": 87, "fields": {"name": "Can delete Niveles requerido", "content_type": 22, "codename": "delete_nivel"}}, {"model": "auth.permission", "pk": 88, "fields": {"name": "Can view Niveles requerido", "content_type": 22, "codename": "view_nivel"}}, {"model": "auth.permission", "pk": 89, "fields": {"name": "Can add source", "content_type": 23, "codename": "add_source"}}, {"model": "auth.permission", "pk": 90, "fields": {"name": "Can change source", "content_type": 23, "codename": "change_source"}}, {"model": "auth.permission", "pk": 91, "fields": {"name": "Can delete source", "content_type": 23, "codename": "delete_source"}}, {"model": "auth.permission", "pk": 92, "fields": {"name": "Can view source", "content_type": 23, "codename": "view_source"}}, {"model": "auth.permission", "pk": 93, "fields": {"name": "Can add thumbnail", "content_type": 24, "codename": "add_thumbnail"}}, {"model": "auth.permission", "pk": 94, "fields": {"name": "Can change thumbnail", "content_type": 24, "codename": "change_thumbnail"}}, {"model": "auth.permission", "pk": 95, "fields": {"name": "Can delete thumbnail", "content_type": 24, "codename": "delete_thumbnail"}}, {"model": "auth.permission", "pk": 96, "fields": {"name": "Can view thumbnail", "content_type": 24, "codename": "view_thumbnail"}}, {"model": "auth.permission", "pk": 97, "fields": {"name": "Can add thumbnail dimensions", "content_type": 25, "codename": "add_thumbnaildimensions"}}, {"model": "auth.permission", "pk": 98, "fields": {"name": "Can change thumbnail dimensions", "content_type": 25, "codename": "change_thumbnaildimensions"}}, {"model": "auth.permission", "pk": 99, "fields": {"name": "Can delete thumbnail dimensions", "content_type": 25, "codename": "delete_thumbnaildimensions"}}, {"model": "auth.permission", "pk": 100, "fields": {"name": "Can view thumbnail dimensions", "content_type": 25, "codename": "view_thumbnaildimensions"}}, {"model": "auth.user", "pk": 1, "fields": {"password": "pbkdf2_sha256$150000$zLzHE9DljLPQ$E+cBZ99CZK7ujfxmCh3Yi1Z0FaSfwOV4IqyBwY9lNNo=", "last_login": "2020-02-01T15:48:11.532Z", "is_superuser": true, "username": "mac", "first_name": "", "last_name": "", "email": "", "is_staff": true, "is_active": true, "date_joined": "2020-01-07T01:06:15.366Z", "groups": [], "user_permissions": []}}, {"model": "auth.user", "pk": 2, "fields": {"password": "pbkdf2_sha256$150000$HQRbp9zxCb8F$dFJ7VcxDCH/r7luZF2eapttzkkvxFrQhUjdhdOrUcf0=", "last_login": "2020-02-01T15:45:12.611Z", "is_superuser": false, "username": "nagurto", "first_name": "Nelson Guillermo", "last_name": "Agurto Unuzungo", "email": "nelsonguillerm7@gmail.com", "is_staff": false, "is_active": true, "date_joined": "2020-01-07T01:19:28.540Z", "groups": [], "user_permissions": []}}, {"model": "auth.user", "pk": 3, "fields": {"password": "nelson199412", "last_login": null, "is_superuser": false, "username": "nelsonguillerm7", "first_name": "Nelson Guillermo", "last_name": "Agurto Unuzungo", "email": "nelsonguillerm7@gmail.com", "is_staff": false, "is_active": true, "date_joined": "2020-01-07T01:28:52.472Z", "groups": [], "user_permissions": []}}, {"model": "auth.user", "pk": 4, "fields": {"password": "pbkdf2_sha256$150000$UE70fJGpWDeB$mFmDKG/gHUb1RTtoKTwMpXCIsSroaLymSO1rBnOY/Xs=", "last_login": "2020-02-01T20:39:24.221Z", "is_superuser": false, "username": "djvalarezo", "first_name": "Macbook", "last_name": "Pro", "email": "nelsonguillerm7@gmail.com", "is_staff": false, "is_active": true, "date_joined": "2020-01-07T01:30:10Z", "groups": [], "user_permissions": []}}, {"model": "auth.user", "pk": 5, "fields": {"password": "pbkdf2_sha256$150000$TUMlhth6iiQn$vNwa0kLT2NVk4f0ln+xZTnZZwmD7YnGBW44Ld1p7G4I=", "last_login": "2020-01-27T10:31:21.485Z", "is_superuser": false, "username": "jjcampis", "first_name": "Nelson Guillermo", "last_name": "Agurto Unuzungo", "email": "nelsonguillerm7@gmail.com", "is_staff": false, "is_active": true, "date_joined": "2020-01-07T02:07:20.010Z", "groups": [], "user_permissions": []}}, {"model": "auth.user", "pk": 6, "fields": {"password": "pbkdf2_sha256$150000$WQ91gY2STvjW$aENCm4hiPQMBqHYxdb80L+kIE7WgSSWSsH1/KLiDwJs=", "last_login": null, "is_superuser": false, "username": "dapatricio9405", "first_name": "Daniel", "last_name": "Pe\u00f1arreta", "email": "dapatricio9405@gmail.com", "is_staff": false, "is_active": true, "date_joined": "2020-01-07T02:45:10.252Z", "groups": [], "user_permissions": []}}, {"model": "auth.user", "pk": 7, "fields": {"password": "pbkdf2_sha256$150000$4n3M6MQKv9jJ$MD34SPkakKv1bqxddcDGimX3TBvYbS/4Ciy24loe23I=", "last_login": null, "is_superuser": false, "username": "danuko9405", "first_name": "Daniel", "last_name": "Pe\u00f1arreta", "email": "dapatricio9405@gmail.com", "is_staff": false, "is_active": true, "date_joined": "2020-01-07T02:46:15.287Z", "groups": [], "user_permissions": []}}, {"model": "appWeb.area", "pk": 1, "fields": {"nombArea": "academia 1"}}, {"model": "appWeb.area_competencia", "pk": 1, "fields": {"nombAreaCompetencia": "Informaci\u00f3n y alfabetizaci\u00f3n informacional", "detalle_area_competencia": "El \u00e1rea 1, y m\u00e1s b\u00e1sico de la CDD, certifica la capacidad para identificar, localizar, obtener, almacenar, organizar y analizar informaci\u00f3n digital, datos y contenidos digitales, evaluando su finalidad y relevancia para las tareas docentes."}}, {"model": "appWeb.area_competencia", "pk": 2, "fields": {"nombAreaCompetencia": "Comunicaci\u00f3n y colaboraci\u00f3n", "detalle_area_competencia": "El \u00e1rea de competencia 2 establece, seg\u00fan el Marco Com\u00fan de Competencia Digital Docente, la capacidad de comunicar en entornos digitales, compartir recursos a trav\u00e9s de herramientas en l\u00ednea, conectar y colaborar con otros a trav\u00e9s de herramientas digitales, interactuar y participar en comunidades y redes."}}, {"model": "appWeb.area_competencia", "pk": 3, "fields": {"nombAreaCompetencia": "Creaci\u00f3n de contenidos digitales", "detalle_area_competencia": "El tercer \u00e1rea de CDD ata\u00f1e a las capacidades de un docente para crear y editar contenidos digitales nuevos, integrar y reelaborar conocimientos y contenidos previos, realizar producciones art\u00edsticas, contenidos multimedia y programaci\u00f3n inform\u00e1tica, saber aplicar los derechos de propiedad intelectual y las licencias de uso."}}, {"model": "appWeb.area_competencia", "pk": 4, "fields": {"nombAreaCompetencia": "Seguridad", "detalle_area_competencia": "Para certificar a un docente en el \u00e1rea de competencia 4, debe tener capacidad de protecci\u00f3n de informaci\u00f3n y datos personales, protecci\u00f3n de la identidad digital, protecci\u00f3n de los contenidos digitales, medidas de seguridad y uso responsable y seguro de la tecnolog\u00eda."}}, {"model": "appWeb.area_competencia", "pk": 5, "fields": {"nombAreaCompetencia": "Resoluci\u00f3n de problemas", "detalle_area_competencia": "identificar necesidades de uso de recursos digitales, tomar decisiones informadas sobre las herramientas digitales m\u00e1s apropiadas seg\u00fan el prop\u00f3sito o la necesidad, resolver problemas conceptuales a trav\u00e9s de medios digitales, usar las tecnolog\u00edas de forma creativa, resolver problemas t\u00e9cnicos, actualizar su propia competencia y la de otros."}}, {"model": "appWeb.tipocuest", "pk": 1, "fields": {"nombCuest": "Administrador", "id_tipoUsr": 2}}, {"model": "appWeb.tipocuest", "pk": 2, "fields": {"nombCuest": "Estudiantes", "id_tipoUsr": 1}}, {"model": "appWeb.tipocuest", "pk": 3, "fields": {"nombCuest": "Docentes", "id_tipoUsr": 3}}, {"model": "appWeb.tipodep", "pk": 1, "fields": {"tipo_dep": "dependencia1"}}, {"model": "appWeb.tipousr", "pk": 1, "fields": {"tipo_usuario": "Estudiante"}}, {"model": "appWeb.tipousr", "pk": 2, "fields": {"tipo_usuario": "Administrador"}}, {"model": "appWeb.tipousr", "pk": 3, "fields": {"tipo_usuario": "Docentes"}}, {"model": "appWeb.dependencia", "pk": 1, "fields": {"nombDependencia": "tipo dependencia 1", "id_tipoDep": 1, "id_area": 1}}, {"model": "appWeb.competencia", "pk": 1, "fields": {"nombCompetencia": "Navegaci\u00f3n, b\u00fasqueda y filtrado de informaci\u00f3n, datos y contenido digital", "detalle_competencia": "En lo que se refiere a la b\u00fasqueda de informaci\u00f3n, datos y contenidos digitales en red, y expresar de manera organizadalas necesidades de informaci\u00f3n, encontrar informaci\u00f3n relevante para las tareas docentes, seleccionar recursos educativosde forma e", "id_area_competencia": 1}}, {"model": "appWeb.competencia", "pk": 2, "fields": {"nombCompetencia": "Evaluaci\u00f3n de informaci\u00f3n, datos y contenido digital", "detalle_competencia": "Para reunir, procesar, comprender y evaluar informaci\u00f3n, datos y contenidos digitales de forma cr\u00edtica. Ud:", "id_area_competencia": 1}}, {"model": "appWeb.competencia", "pk": 3, "fields": {"nombCompetencia": "Almacenamiento y recuperaci\u00f3n de informaci\u00f3n, datos y contenido digital", "detalle_competencia": "Almacenamiento y recuperaci\u00f3n de informaci\u00f3n, datos y contenido digital", "id_area_competencia": 1}}, {"model": "appWeb.competencia", "pk": 4, "fields": {"nombCompetencia": "Interacci\u00f3n mediante tecnolog\u00edas digitales", "detalle_competencia": "En cuanto a la Interacci\u00f3n por medio de diversos dispositivos y aplicaciones digitales, entender c\u00f3mo se distribuye,presentar y gestionar la comunicaci\u00f3n digital, comprender el uso adecuado de las distintas formas de comunicaci\u00f3n atrav\u00e9s de medios di", "id_area_competencia": 2}}, {"model": "appWeb.competencia", "pk": 5, "fields": {"nombCompetencia": "Compartir informaci\u00f3n y contenidos", "detalle_competencia": "En lo que se refiere a compartir la ubicaci\u00f3n de la informaci\u00f3n y de los contenidos digitales encontrados, estar dispuesto yser capaz de compartir conocimiento, contenidos y recursos, actuar como intermediario, ser proactivo en la difusi\u00f3n denoticias", "id_area_competencia": 2}}, {"model": "appWeb.competencia", "pk": 6, "fields": {"nombCompetencia": "Participaci\u00f3n ciudadana en l\u00ednea", "detalle_competencia": "La implicaci\u00f3n con la sociedad mediante la participaci\u00f3n online, buscar oportunidades tecnol\u00f3gicas para el empoderamientoy el auto\u2010desarrollo en cuanto a las tecnolog\u00edas y a los entornos digitales, y con respecto a ser consciente del potencial dela t", "id_area_competencia": 2}}, {"model": "appWeb.competencia", "pk": 7, "fields": {"nombCompetencia": "Colaboraci\u00f3n mediante canales digitales", "detalle_competencia": "En el uso de tecnolog\u00eda y medios para el trabajo en equipo, para los procesos colaborativos y para la creaci\u00f3n yconstrucci\u00f3n com\u00fan de recursos, conocimientos y contenidos,", "id_area_competencia": 2}}, {"model": "appWeb.competencia", "pk": 8, "fields": {"nombCompetencia": "Netiqueta", "detalle_competencia": "En lo que respecta a la familiarizaci\u00f3n con las normas de conducta en interacciones en l\u00ednea o virtuales, estar concienciadode la diversidad cultural, ser capaz de protegerse a s\u00ed mismo y a otros de posibles peligros en l\u00ednea, desarrollar estrategias", "id_area_competencia": 2}}, {"model": "appWeb.competencia", "pk": 9, "fields": {"nombCompetencia": "Gesti\u00f3n de la identidad digital", "detalle_competencia": "Para crear, adaptar y gestionar una o varias identidades digitales, as\u00ed como, ser capaz de proteger la propia reputaci\u00f3ndigital y gestionar los datos generados a trav\u00e9s de las diversas cuentas y aplicaciones utilizadas, Ud:", "id_area_competencia": 2}}, {"model": "appWeb.competencia", "pk": 10, "fields": {"nombCompetencia": "Desarrollo de contenidos digitales", "detalle_competencia": "En lo referente a la creaci\u00f3n de contenidos digitales en diferentes formatos, incluyendo contenidos multimedia, editar ymejorar el contenido de creaci\u00f3n propia o ajena, expresarse creativamente a trav\u00e9s de los medios digitales y de lastecnolog\u00edas Ud.", "id_area_competencia": 3}}, {"model": "appWeb.competencia", "pk": 11, "fields": {"nombCompetencia": "Integraci\u00f3n y reelaboraci\u00f3n de contenidos digitales", "detalle_competencia": "En la modificaci\u00f3n, perfeccionamiento o combinaci\u00f3n de recursos existentes para crear contenido digital y conocimientonuevo, original y relevante Ud.:", "id_area_competencia": 3}}, {"model": "appWeb.competencia", "pk": 12, "fields": {"nombCompetencia": "Derechos de autor y licencias", "detalle_competencia": "Para poder desarrollar la competencia anterior es necesario entender c\u00f3mo se aplican los derechos de autor y las licenciasa la informaci\u00f3n y a los contenidos digitales. Ante esto Ud.:", "id_area_competencia": 3}}, {"model": "appWeb.competencia", "pk": 13, "fields": {"nombCompetencia": "Programaci\u00f3n", "detalle_competencia": "Ante la posible realizaci\u00f3n de modificaciones en programas inform\u00e1ticos, aplicaciones, configuraciones, programas,dispositivos; entender los principios de la programaci\u00f3n, o ante comprender qu\u00e9 hay detr\u00e1s de un programa Ud.:", "id_area_competencia": 3}}, {"model": "appWeb.competencia", "pk": 14, "fields": {"nombCompetencia": "Protecci\u00f3n de dispositivos y de contenido digital", "detalle_competencia": "Para proteger los dispositivos y los contenidos digitales propios, comprender los riesgos y amenazas en red y conocermedidas de protecci\u00f3n y seguridad Ud.:", "id_area_competencia": 4}}, {"model": "appWeb.competencia", "pk": 15, "fields": {"nombCompetencia": "Protecci\u00f3n de datos personales e identidad digital", "detalle_competencia": "A la hora de entender los t\u00e9rminos habituales de uso de los programas y servicios digitales, proteger activamente los datospersonales, respetar la privacidad de los dem\u00e1s y protegerse a s\u00ed mismo de amenazas, fraudes y ciberacoso Ud.:", "id_area_competencia": 4}}, {"model": "appWeb.competencia", "pk": 16, "fields": {"nombCompetencia": "Protecci\u00f3n de la salud y el bienestar", "detalle_competencia": "Evitar riesgos para la salud relacionados con el uso de la tecnolog\u00eda en cuanto a amenazas para la integridad f\u00edsica y elbienestar psicol\u00f3gico es algo muy necesario, y ante esto Ud.", "id_area_competencia": 4}}, {"model": "appWeb.competencia", "pk": 17, "fields": {"nombCompetencia": "Protecci\u00f3n del entorno", "detalle_competencia": "Tener en cuenta el impacto de las tecnolog\u00edas sobre el medio ambiente es fundamental para la salud de nuestro planeta yante esto Ud.:", "id_area_competencia": 4}}, {"model": "appWeb.competencia", "pk": 18, "fields": {"nombCompetencia": "Resoluci\u00f3n de problemas t\u00e9cnicos", "detalle_competencia": "En lo referente a la identificaci\u00f3n de posibles problemas t\u00e9cnicos y resolverlos (desde la soluci\u00f3n de problemas b\u00e1sicoshasta la soluci\u00f3n de problemas m\u00e1s complejos) Ud.:", "id_area_competencia": 5}}, {"model": "appWeb.competencia", "pk": 19, "fields": {"nombCompetencia": "Identificaci\u00f3n de necesidades y respuestas tecnol\u00f3gicas", "detalle_competencia": "En el an\u00e1lisis de las propias necesidades en t\u00e9rminos tanto de uso de recursos, herramientas como de desarrollocompetencial, asignar posibles soluciones a las necesidades detectadas, adaptar herramientas a las necesidadespersonales y evaluar de forma", "id_area_competencia": 5}}, {"model": "appWeb.competencia", "pk": 20, "fields": {"nombCompetencia": "Innovaci\u00f3n y uso de la tecnolog\u00eda digital de forma creativa", "detalle_competencia": "En lo que se refiere a innovar utilizando la tecnolog\u00eda digital, participar activamente en producciones colaborativasmultimedia y digitales, expresarse de forma creativa a trav\u00e9s de medios digitales y de tecnolog\u00edas, generar conocimiento yresolver pr", "id_area_competencia": 5}}, {"model": "appWeb.competencia", "pk": 21, "fields": {"nombCompetencia": "Identificaci\u00f3n de lagunas en la competencia digital", "detalle_competencia": "Por \u00faltimo, en lo relativo a la comprensi\u00f3n de las necesidades de mejora y actualizaci\u00f3n de la propia competencia, apoyar aotros en el desarrollo de su propia competencia digital, estar al corriente de los nuevos desarrollos, Ud.:", "id_area_competencia": 5}}, {"model": "appWeb.pregunta", "pk": 4, "fields": {"id_competencia": 1, "id_tipoCuest": 1, "ayuda": "Elija la mejor respuesta entre las opciones siguientes.", "pregunta": "<p>Seleccione un motor de b&uacute;squeda de informaci&oacute;n acad&eacute;mica confiable.</p>"}}, {"model": "appWeb.pregunta", "pk": 5, "fields": {"id_competencia": 1, "id_tipoCuest": 1, "ayuda": "Elija la mejor respuesta entre las opciones siguientes.", "pregunta": "<p>&iquest;Qu&eacute; medidas toma para el bloqueo de URL o sitios web no aptos para menores de edad?</p>"}}, {"model": "appWeb.pregunta", "pk": 6, "fields": {"id_competencia": 1, "id_tipoCuest": 1, "ayuda": "Elija la mejor respuesta entre las opciones siguientes.", "pregunta": "<p>En las siguientes im&aacute;genes sobre la clasificaci&oacute;n de edades en lenguaje Python, el c&oacute;digo correcto es:</p>"}}, {"model": "appWeb.respuesta", "pk": 13, "fields": {"respuesta": "a)\tGoogle Acad\u00e9mico.", "valorRta": 0, "imagen": "", "imagen_crop": "", "id_pregunta": 4}}, {"model": "appWeb.respuesta", "pk": 14, "fields": {"respuesta": "b)\tBases de datos cient\u00edficas.", "valorRta": 1, "imagen": "", "imagen_crop": "", "id_pregunta": 4}}, {"model": "appWeb.respuesta", "pk": 15, "fields": {"respuesta": "c)\tGoogle.", "valorRta": 0, "imagen": "", "imagen_crop": "", "id_pregunta": 4}}, {"model": "appWeb.respuesta", "pk": 16, "fields": {"respuesta": "d)\tNo puedo seleccionar un motor de b\u00fasqueda confiable.", "valorRta": 0, "imagen": "", "imagen_crop": "", "id_pregunta": 4}}, {"model": "appWeb.respuesta", "pk": 17, "fields": {"respuesta": "a)\tBloqueo de URL.", "valorRta": 1, "imagen": "", "imagen_crop": "", "id_pregunta": 5}}, {"model": "appWeb.respuesta", "pk": 18, "fields": {"respuesta": "b)\tBlack list del router.", "valorRta": 0, "imagen": "", "imagen_crop": "", "id_pregunta": 5}}, {"model": "appWeb.respuesta", "pk": 19, "fields": {"respuesta": "c)\tVerificar historial de b\u00fasqueda para controlar las b\u00fasquedas.", "valorRta": 0, "imagen": "", "imagen_crop": "", "id_pregunta": 5}}, {"model": "appWeb.respuesta", "pk": 20, "fields": {"respuesta": "d)\tNo puedo bloquear ning\u00fan URL o sitios web.", "valorRta": 0, "imagen": "", "imagen_crop": "", "id_pregunta": 5}}, {"model": "appWeb.respuesta", "pk": 21, "fields": {"respuesta": "", "valorRta": 2, "imagen": "cursos/Imagen_1.png", "imagen_crop": "0,0,668,327", "id_pregunta": 6}}, {"model": "appWeb.respuesta", "pk": 22, "fields": {"respuesta": "", "valorRta": 0, "imagen": "cursos/Imagen_2.png", "imagen_crop": "0,0,668,329", "id_pregunta": 6}}, {"model": "appWeb.respuesta", "pk": 23, "fields": {"respuesta": "", "valorRta": 1, "imagen": "cursos/Imagen_3.png", "imagen_crop": "0,0,670,347", "id_pregunta": 6}}, {"model": "appWeb.respuesta", "pk": 24, "fields": {"respuesta": "No puedo reconocer cual es el c\u00f3digo correcto", "valorRta": 0, "imagen": "", "imagen_crop": "", "id_pregunta": 6}}, {"model": "appWeb.rtausr", "pk": 64, "fields": {"rtaUser": 1, "id_pregunta": 5, "id_usr": 4}}, {"model": "appWeb.rtausr", "pk": 65, "fields": {"rtaUser": 1, "id_pregunta": 4, "id_usr": 4}}, {"model": "appWeb.rtausr", "pk": 66, "fields": {"rtaUser": 0, "id_pregunta": 6, "id_usr": 4}}, {"model": "appWeb.profile", "pk": 1, "fields": {"user": 4, "cedula": "0706984087", "codigo": "q", "estado_codigo": null, "id_tipoUsr": 2, "id_dependencia": 1}}, {"model": "appWeb.profile", "pk": 2, "fields": {"user": 5, "cedula": "1900528686", "codigo": "", "estado_codigo": null, "id_tipoUsr": 1, "id_dependencia": 1}}, {"model": "appWeb.profile", "pk": 3, "fields": {"user": 6, "cedula": "1104808041", "codigo": "", "estado_codigo": null, "id_tipoUsr": 1, "id_dependencia": 1}}, {"model": "appWeb.profile", "pk": 4, "fields": {"user": 7, "cedula": "1104808041", "codigo": "", "estado_codigo": null, "id_tipoUsr": 1, "id_dependencia": 1}}, {"model": "easy_thumbnails.source", "pk": 1, "fields": {"storage_hash": "f9bde26a1556cd667f742bd34ec7c55e", "name": "cursos/15492241_1536731699675605_7264699280681906391_n_XJbBKZ6.jpg", "modified": "2020-01-27T10:50:10.691Z"}}, {"model": "easy_thumbnails.source", "pk": 2, "fields": {"storage_hash": "f9bde26a1556cd667f742bd34ec7c55e", "name": "cursos/15492241_1536731699675605_7264699280681906391_n.jpg", "modified": "2020-01-27T10:58:40.124Z"}}, {"model": "easy_thumbnails.source", "pk": 3, "fields": {"storage_hash": "f9bde26a1556cd667f742bd34ec7c55e", "name": "cursos/pdf.png", "modified": "2020-02-01T15:51:43.966Z"}}, {"model": "easy_thumbnails.source", "pk": 4, "fields": {"storage_hash": "f9bde26a1556cd667f742bd34ec7c55e", "name": "cursos/dwg.png", "modified": "2020-02-01T15:51:44.012Z"}}, {"model": "easy_thumbnails.source", "pk": 5, "fields": {"storage_hash": "f9bde26a1556cd667f742bd34ec7c55e", "name": "cursos/camera.png", "modified": "2020-02-01T15:51:44.046Z"}}, {"model": "easy_thumbnails.source", "pk": 6, "fields": {"storage_hash": "f9bde26a1556cd667f742bd34ec7c55e", "name": "cursos/ico.png", "modified": "2020-02-01T15:51:58.943Z"}}, {"model": "easy_thumbnails.source", "pk": 7, "fields": {"storage_hash": "f9bde26a1556cd667f742bd34ec7c55e", "name": "cursos/Imagen_1.png", "modified": "2020-02-01T20:39:47.365Z"}}, {"model": "easy_thumbnails.source", "pk": 8, "fields": {"storage_hash": "f9bde26a1556cd667f742bd34ec7c55e", "name": "cursos/Imagen_2.png", "modified": "2020-02-01T20:39:47.395Z"}}, {"model": "easy_thumbnails.source", "pk": 9, "fields": {"storage_hash": "f9bde26a1556cd667f742bd34ec7c55e", "name": "cursos/Imagen_3.png", "modified": "2020-02-01T20:39:47.433Z"}}, {"model": "easy_thumbnails.thumbnail", "pk": 1, "fields": {"storage_hash": "d26becbf46ac48eda79c7a39a13a02dd", "name": "cursos/15492241_1536731699675605_7264699280681906391_n_XJbBKZ6.jpg.300x300_q85_detail_upscale.jpg", "modified": "2020-01-27T10:50:10.693Z", "source": 1}}, {"model": "easy_thumbnails.thumbnail", "pk": 2, "fields": {"storage_hash": "d26becbf46ac48eda79c7a39a13a02dd", "name": "cursos/15492241_1536731699675605_7264699280681906391_n.jpg.300x300_q85_detail_upscale.jpg", "modified": "2020-01-27T10:52:18.107Z", "source": 2}}, {"model": "easy_thumbnails.thumbnail", "pk": 3, "fields": {"storage_hash": "d26becbf46ac48eda79c7a39a13a02dd", "name": "cursos/15492241_1536731699675605_7264699280681906391_n.jpg.300x150_q85_box-502,547,960,960_detail.jpg", "modified": "2020-01-27T10:58:40.126Z", "source": 2}}, {"model": "easy_thumbnails.thumbnail", "pk": 4, "fields": {"storage_hash": "d26becbf46ac48eda79c7a39a13a02dd", "name": "cursos/pdf.png.300x150_q85_box-0,0,512,512_detail.png", "modified": "2020-02-01T15:51:24.731Z", "source": 3}}, {"model": "easy_thumbnails.thumbnail", "pk": 5, "fields": {"storage_hash": "d26becbf46ac48eda79c7a39a13a02dd", "name": "cursos/dwg.png.300x150_q85_box-0,0,512,512_detail.png", "modified": "2020-02-01T15:51:24.754Z", "source": 4}}, {"model": "easy_thumbnails.thumbnail", "pk": 6, "fields": {"storage_hash": "d26becbf46ac48eda79c7a39a13a02dd", "name": "cursos/camera.png.300x150_q85_box-0,0,256,256_detail.png", "modified": "2020-02-01T15:51:24.776Z", "source": 5}}, {"model": "easy_thumbnails.thumbnail", "pk": 7, "fields": {"storage_hash": "d26becbf46ac48eda79c7a39a13a02dd", "name": "cursos/ico.png.300x150_q85_box-502,547,960,960_detail.jpg", "modified": "2020-02-01T15:51:24.802Z", "source": 6}}, {"model": "easy_thumbnails.thumbnail", "pk": 8, "fields": {"storage_hash": "d26becbf46ac48eda79c7a39a13a02dd", "name": "cursos/pdf.png.300x300_q85_detail_upscale.png", "modified": "2020-02-01T15:51:43.969Z", "source": 3}}, {"model": "easy_thumbnails.thumbnail", "pk": 9, "fields": {"storage_hash": "d26becbf46ac48eda79c7a39a13a02dd", "name": "cursos/dwg.png.300x300_q85_detail_upscale.png", "modified": "2020-02-01T15:51:44.013Z", "source": 4}}, {"model": "easy_thumbnails.thumbnail", "pk": 10, "fields": {"storage_hash": "d26becbf46ac48eda79c7a39a13a02dd", "name": "cursos/camera.png.300x300_q85_detail_upscale.png", "modified": "2020-02-01T15:51:44.047Z", "source": 5}}, {"model": "easy_thumbnails.thumbnail", "pk": 11, "fields": {"storage_hash": "d26becbf46ac48eda79c7a39a13a02dd", "name": "cursos/ico.png.300x300_q85_detail_upscale.jpg", "modified": "2020-02-01T15:51:44.103Z", "source": 6}}, {"model": "easy_thumbnails.thumbnail", "pk": 12, "fields": {"storage_hash": "d26becbf46ac48eda79c7a39a13a02dd", "name": "cursos/ico.png.300x150_q85_box-0,0,840,880_detail.jpg", "modified": "2020-02-01T15:51:58.946Z", "source": 6}}, {"model": "easy_thumbnails.thumbnail", "pk": 13, "fields": {"storage_hash": "d26becbf46ac48eda79c7a39a13a02dd", "name": "cursos/Imagen_1.png.300x300_q85_detail_upscale.png", "modified": "2020-02-01T20:37:41.971Z", "source": 7}}, {"model": "easy_thumbnails.thumbnail", "pk": 14, "fields": {"storage_hash": "d26becbf46ac48eda79c7a39a13a02dd", "name": "cursos/Imagen_2.png.300x300_q85_detail_upscale.png", "modified": "2020-02-01T20:37:42.021Z", "source": 8}}, {"model": "easy_thumbnails.thumbnail", "pk": 15, "fields": {"storage_hash": "d26becbf46ac48eda79c7a39a13a02dd", "name": "cursos/Imagen_3.png.300x300_q85_detail_upscale.png", "modified": "2020-02-01T20:37:42.074Z", "source": 9}}, {"model": "easy_thumbnails.thumbnail", "pk": 16, "fields": {"storage_hash": "d26becbf46ac48eda79c7a39a13a02dd", "name": "cursos/Imagen_1.png.300x150_q85_box-0,0,668,327_detail.png", "modified": "2020-02-01T20:39:47.367Z", "source": 7}}, {"model": "easy_thumbnails.thumbnail", "pk": 17, "fields": {"storage_hash": "d26becbf46ac48eda79c7a39a13a02dd", "name": "cursos/Imagen_2.png.300x150_q85_box-0,0,668,329_detail.png", "modified": "2020-02-01T20:39:47.398Z", "source": 8}}, {"model": "easy_thumbnails.thumbnail", "pk": 18, "fields": {"storage_hash": "d26becbf46ac48eda79c7a39a13a02dd", "name": "cursos/Imagen_3.png.300x150_q85_box-0,0,670,347_detail.png", "modified": "2020-02-01T20:39:47.435Z", "source": 9}}, {"model": "admin.logentry", "pk": 1, "fields": {"action_time": "2020-01-07T01:13:38.518Z", "user": 1, "content_type": 16, "object_id": "1", "object_repr": "dependencia1", "action_flag": 1, "change_message": "[{\"added\": {}}]"}}, {"model": "admin.logentry", "pk": 2, "fields": {"action_time": "2020-01-07T01:13:52.932Z", "user": 1, "content_type": 17, "object_id": "1", "object_repr": "usuario 1", "action_flag": 1, "change_message": "[{\"added\": {}}]"}}, {"model": "admin.logentry", "pk": 3, "fields": {"action_time": "2020-01-07T01:15:06.785Z", "user": 1, "content_type": 10, "object_id": "1", "object_repr": "academia 1", "action_flag": 1, "change_message": "[{\"added\": {}}]"}}, {"model": "admin.logentry", "pk": 4, "fields": {"action_time": "2020-01-07T01:15:09.469Z", "user": 1, "content_type": 13, "object_id": "1", "object_repr": "tipo dependencia 1", "action_flag": 1, "change_message": "[{\"added\": {}}]"}}, {"model": "admin.logentry", "pk": 5, "fields": {"action_time": "2020-01-18T16:11:08.927Z", "user": 1, "content_type": 7, "object_id": "2", "object_repr": "nagurto", "action_flag": 2, "change_message": "[{\"changed\": {\"fields\": [\"password\"]}}]"}}, {"model": "admin.logentry", "pk": 6, "fields": {"action_time": "2020-01-18T21:42:49.167Z", "user": 1, "content_type": 15, "object_id": "1", "object_repr": "Administrador", "action_flag": 1, "change_message": "[{\"added\": {}}]"}}, {"model": "admin.logentry", "pk": 7, "fields": {"action_time": "2020-01-18T21:43:20.461Z", "user": 1, "content_type": 15, "object_id": "2", "object_repr": "Estudiantes", "action_flag": 1, "change_message": "[{\"added\": {}}]"}}, {"model": "admin.logentry", "pk": 8, "fields": {"action_time": "2020-01-18T21:43:29.896Z", "user": 1, "content_type": 15, "object_id": "3", "object_repr": "Docentes", "action_flag": 1, "change_message": "[{\"added\": {}}]"}}, {"model": "admin.logentry", "pk": 9, "fields": {"action_time": "2020-01-18T22:57:23.560Z", "user": 1, "content_type": 11, "object_id": "1", "object_repr": "Informaci\u00f3n y alfabetizaci\u00f3n informacional", "action_flag": 1, "change_message": "[{\"added\": {}}]"}}, {"model": "admin.logentry", "pk": 10, "fields": {"action_time": "2020-01-18T22:57:25.854Z", "user": 1, "content_type": 12, "object_id": "1", "object_repr": "Navegaci\u00f3n, b\u00fasqueda y filtrado de datos, informaci\u00f3n y contenidos digitales.", "action_flag": 1, "change_message": "[{\"added\": {}}]"}}, {"model": "admin.logentry", "pk": 11, "fields": {"action_time": "2020-01-18T22:57:54.306Z", "user": 1, "content_type": 14, "object_id": "1", "object_repr": "1.\tSeleccione un motor de b\u00fasqueda de informaci\u00f3n acad\u00e9mica confiable:", "action_flag": 1, "change_message": "[{\"added\": {}}]"}}, {"model": "admin.logentry", "pk": 12, "fields": {"action_time": "2020-01-18T22:58:16.900Z", "user": 1, "content_type": 14, "object_id": "1", "object_repr": "Seleccione un motor de b\u00fasqueda de informaci\u00f3n acad\u00e9mica confiable:", "action_flag": 2, "change_message": "[{\"changed\": {\"fields\": [\"pregunta\"]}}]"}}, {"model": "admin.logentry", "pk": 13, "fields": {"action_time": "2020-01-18T22:58:37.856Z", "user": 1, "content_type": 19, "object_id": "1", "object_repr": "Google Acad\u00e9mico.", "action_flag": 1, "change_message": "[{\"added\": {}}]"}}, {"model": "admin.logentry", "pk": 14, "fields": {"action_time": "2020-01-18T22:58:56.870Z", "user": 1, "content_type": 19, "object_id": "2", "object_repr": "Bases de datos cient\u00edficas.", "action_flag": 1, "change_message": "[{\"added\": {}}]"}}, {"model": "admin.logentry", "pk": 15, "fields": {"action_time": "2020-01-18T22:59:09.162Z", "user": 1, "content_type": 19, "object_id": "3", "object_repr": "Google", "action_flag": 1, "change_message": "[{\"added\": {}}]"}}, {"model": "admin.logentry", "pk": 16, "fields": {"action_time": "2020-01-18T22:59:24.041Z", "user": 1, "content_type": 19, "object_id": "4", "object_repr": "No puedo seleccionar un motor de b\u00fasqueda confiable", "action_flag": 1, "change_message": "[{\"added\": {}}]"}}, {"model": "admin.logentry", "pk": 17, "fields": {"action_time": "2020-01-18T22:59:31.752Z", "user": 1, "content_type": 19, "object_id": "1", "object_repr": "Google Acad\u00e9mico.", "action_flag": 2, "change_message": "[{\"changed\": {\"fields\": [\"valorRta\"]}}]"}}, {"model": "admin.logentry", "pk": 18, "fields": {"action_time": "2020-01-18T22:59:38.049Z", "user": 1, "content_type": 19, "object_id": "2", "object_repr": "Bases de datos cient\u00edficas.", "action_flag": 2, "change_message": "[{\"changed\": {\"fields\": [\"valorRta\"]}}]"}}, {"model": "admin.logentry", "pk": 19, "fields": {"action_time": "2020-01-18T23:08:43.895Z", "user": 1, "content_type": 14, "object_id": "2", "object_repr": "Identifique la imagen que representa la rotaci\u00f3n de 135\u00b0 negativa de la figura.", "action_flag": 1, "change_message": "[{\"added\": {}}]"}}, {"model": "admin.logentry", "pk": 20, "fields": {"action_time": "2020-01-18T23:09:06.757Z", "user": 1, "content_type": 19, "object_id": "5", "object_repr": "1.", "action_flag": 1, "change_message": "[{\"added\": {}}]"}}, {"model": "admin.logentry", "pk": 21, "fields": {"action_time": "2020-01-18T23:09:13.694Z", "user": 1, "content_type": 19, "object_id": "6", "object_repr": "2", "action_flag": 1, "change_message": "[{\"added\": {}}]"}}, {"model": "admin.logentry", "pk": 22, "fields": {"action_time": "2020-01-18T23:09:21.495Z", "user": 1, "content_type": 19, "object_id": "7", "object_repr": "3", "action_flag": 1, "change_message": "[{\"added\": {}}]"}}, {"model": "admin.logentry", "pk": 23, "fields": {"action_time": "2020-01-18T23:09:27.867Z", "user": 1, "content_type": 19, "object_id": "8", "object_repr": "4", "action_flag": 1, "change_message": "[{\"added\": {}}]"}}, {"model": "admin.logentry", "pk": 24, "fields": {"action_time": "2020-01-19T17:56:09.363Z", "user": 1, "content_type": 11, "object_id": "2", "object_repr": "Seguridad", "action_flag": 1, "change_message": "[{\"added\": {}}]"}}, {"model": "admin.logentry", "pk": 25, "fields": {"action_time": "2020-01-19T17:56:32.175Z", "user": 1, "content_type": 12, "object_id": "2", "object_repr": "Protecci\u00f3n de dispositivos.", "action_flag": 1, "change_message": "[{\"added\": {}}]"}}, {"model": "admin.logentry", "pk": 26, "fields": {"action_time": "2020-01-19T17:59:04.115Z", "user": 1, "content_type": 11, "object_id": "1", "object_repr": "Informaci\u00f3n y alfabetizaci\u00f3n informacional", "action_flag": 2, "change_message": "[{\"changed\": {\"fields\": [\"detalle_area_competencia\"]}}]"}}, {"model": "admin.logentry", "pk": 27, "fields": {"action_time": "2020-01-19T17:59:21.236Z", "user": 1, "content_type": 11, "object_id": "2", "object_repr": "Comunicaci\u00f3n y colaboraci\u00f3n", "action_flag": 2, "change_message": "[{\"changed\": {\"fields\": [\"nombAreaCompetencia\", \"detalle_area_competencia\"]}}]"}}, {"model": "admin.logentry", "pk": 28, "fields": {"action_time": "2020-01-19T17:59:38.130Z", "user": 1, "content_type": 11, "object_id": "3", "object_repr": "Creaci\u00f3n de contenidos digitales", "action_flag": 1, "change_message": "[{\"added\": {}}]"}}, {"model": "admin.logentry", "pk": 29, "fields": {"action_time": "2020-01-19T17:59:53.095Z", "user": 1, "content_type": 11, "object_id": "4", "object_repr": "Seguridad", "action_flag": 1, "change_message": "[{\"added\": {}}]"}}, {"model": "admin.logentry", "pk": 30, "fields": {"action_time": "2020-01-19T18:00:18.407Z", "user": 1, "content_type": 11, "object_id": "5", "object_repr": "Resoluci\u00f3n de problemas", "action_flag": 1, "change_message": "[{\"added\": {}}]"}}, {"model": "admin.logentry", "pk": 31, "fields": {"action_time": "2020-01-19T18:07:28.451Z", "user": 1, "content_type": 12, "object_id": "1", "object_repr": "Navegaci\u00f3n, b\u00fasqueda y filtrado de informaci\u00f3n, datos y contenido digital", "action_flag": 2, "change_message": "[{\"changed\": {\"fields\": [\"nombCompetencia\", \"detalle_competencia\"]}}]"}}, {"model": "admin.logentry", "pk": 32, "fields": {"action_time": "2020-01-19T18:08:05.542Z", "user": 1, "content_type": 12, "object_id": "2", "object_repr": "Evaluaci\u00f3n de informaci\u00f3n, datos y contenido digital", "action_flag": 2, "change_message": "[{\"changed\": {\"fields\": [\"nombCompetencia\", \"detalle_competencia\", \"id_area_competencia\"]}}]"}}, {"model": "admin.logentry", "pk": 33, "fields": {"action_time": "2020-01-19T18:08:38.695Z", "user": 1, "content_type": 12, "object_id": "3", "object_repr": "Almacenamiento y recuperaci\u00f3n de informaci\u00f3n, datos y contenido digital", "action_flag": 1, "change_message": "[{\"added\": {}}]"}}, {"model": "admin.logentry", "pk": 34, "fields": {"action_time": "2020-01-19T18:09:09.101Z", "user": 1, "content_type": 12, "object_id": "4", "object_repr": "Interacci\u00f3n mediante tecnolog\u00edas digitales", "action_flag": 1, "change_message": "[{\"added\": {}}]"}}, {"model": "admin.logentry", "pk": 35, "fields": {"action_time": "2020-01-19T18:09:22.313Z", "user": 1, "content_type": 12, "object_id": "5", "object_repr": "Compartir informaci\u00f3n y contenidos", "action_flag": 1, "change_message": "[{\"added\": {}}]"}}, {"model": "admin.logentry", "pk": 36, "fields": {"action_time": "2020-01-19T18:09:45.219Z", "user": 1, "content_type": 12, "object_id": "6", "object_repr": "Participaci\u00f3n ciudadana en l\u00ednea", "action_flag": 1, "change_message": "[{\"added\": {}}]"}}, {"model": "admin.logentry", "pk": 37, "fields": {"action_time": "2020-01-19T18:10:06.843Z", "user": 1, "content_type": 12, "object_id": "7", "object_repr": "Colaboraci\u00f3n mediante canales digitales", "action_flag": 1, "change_message": "[{\"added\": {}}]"}}, {"model": "admin.logentry", "pk": 38, "fields": {"action_time": "2020-01-19T18:10:27.842Z", "user": 1, "content_type": 12, "object_id": "8", "object_repr": "Netiqueta", "action_flag": 1, "change_message": "[{\"added\": {}}]"}}, {"model": "admin.logentry", "pk": 39, "fields": {"action_time": "2020-01-19T18:10:46.693Z", "user": 1, "content_type": 12, "object_id": "9", "object_repr": "Gesti\u00f3n de la identidad digital", "action_flag": 1, "change_message": "[{\"added\": {}}]"}}, {"model": "admin.logentry", "pk": 40, "fields": {"action_time": "2020-01-19T18:11:27.082Z", "user": 1, "content_type": 12, "object_id": "10", "object_repr": "Desarrollo de contenidos digitales", "action_flag": 1, "change_message": "[{\"added\": {}}]"}}, {"model": "admin.logentry", "pk": 41, "fields": {"action_time": "2020-01-19T18:11:44.027Z", "user": 1, "content_type": 12, "object_id": "11", "object_repr": "Integraci\u00f3n y reelaboraci\u00f3n de contenidos digitales", "action_flag": 1, "change_message": "[{\"added\": {}}]"}}, {"model": "admin.logentry", "pk": 42, "fields": {"action_time": "2020-01-19T18:12:07.327Z", "user": 1, "content_type": 12, "object_id": "12", "object_repr": "Derechos de autor y licencias", "action_flag": 1, "change_message": "[{\"added\": {}}]"}}, {"model": "admin.logentry", "pk": 43, "fields": {"action_time": "2020-01-19T18:12:27.317Z", "user": 1, "content_type": 12, "object_id": "13", "object_repr": "Programaci\u00f3n", "action_flag": 1, "change_message": "[{\"added\": {}}]"}}, {"model": "admin.logentry", "pk": 44, "fields": {"action_time": "2020-01-19T18:12:45.816Z", "user": 1, "content_type": 12, "object_id": "14", "object_repr": "Protecci\u00f3n de dispositivos y de contenido digital", "action_flag": 1, "change_message": "[{\"added\": {}}]"}}, {"model": "admin.logentry", "pk": 45, "fields": {"action_time": "2020-01-19T18:13:05.560Z", "user": 1, "content_type": 12, "object_id": "15", "object_repr": "Protecci\u00f3n de datos personales e identidad digital", "action_flag": 1, "change_message": "[{\"added\": {}}]"}}, {"model": "admin.logentry", "pk": 46, "fields": {"action_time": "2020-01-19T18:13:21.530Z", "user": 1, "content_type": 12, "object_id": "16", "object_repr": "Protecci\u00f3n de la salud y el bienestar", "action_flag": 1, "change_message": "[{\"added\": {}}]"}}, {"model": "admin.logentry", "pk": 47, "fields": {"action_time": "2020-01-19T18:13:35.844Z", "user": 1, "content_type": 12, "object_id": "17", "object_repr": "Protecci\u00f3n del entorno", "action_flag": 1, "change_message": "[{\"added\": {}}]"}}, {"model": "admin.logentry", "pk": 48, "fields": {"action_time": "2020-01-19T18:13:55.696Z", "user": 1, "content_type": 12, "object_id": "18", "object_repr": "Resoluci\u00f3n de problemas t\u00e9cnicos", "action_flag": 1, "change_message": "[{\"added\": {}}]"}}, {"model": "admin.logentry", "pk": 49, "fields": {"action_time": "2020-01-19T18:14:16.249Z", "user": 1, "content_type": 12, "object_id": "19", "object_repr": "Identificaci\u00f3n de necesidades y respuestas tecnol\u00f3gicas", "action_flag": 1, "change_message": "[{\"added\": {}}]"}}, {"model": "admin.logentry", "pk": 50, "fields": {"action_time": "2020-01-19T18:14:37.362Z", "user": 1, "content_type": 12, "object_id": "20", "object_repr": "Innovaci\u00f3n y uso de la tecnolog\u00eda digital de forma creativa", "action_flag": 1, "change_message": "[{\"added\": {}}]"}}, {"model": "admin.logentry", "pk": 51, "fields": {"action_time": "2020-01-19T18:14:56.992Z", "user": 1, "content_type": 12, "object_id": "21", "object_repr": "Identificaci\u00f3n de lagunas en la competencia digital", "action_flag": 1, "change_message": "[{\"added\": {}}]"}}, {"model": "admin.logentry", "pk": 52, "fields": {"action_time": "2020-01-19T18:15:50.182Z", "user": 1, "content_type": 14, "object_id": "2", "object_repr": "Identifique la imagen que representa la rotaci\u00f3n de 135\u00b0 negativa de la figura.", "action_flag": 2, "change_message": "[{\"changed\": {\"fields\": [\"id_competencia\"]}}]"}}, {"model": "admin.logentry", "pk": 53, "fields": {"action_time": "2020-01-19T18:19:30.213Z", "user": 1, "content_type": 14, "object_id": "3", "object_repr": "Pregunta 1", "action_flag": 1, "change_message": "[{\"added\": {}}, {\"added\": {\"name\": \"Respuesta\", \"object\": \"resp1\"}}, {\"added\": {\"name\": \"Respuesta\", \"object\": \"resp2\"}}, {\"added\": {\"name\": \"Respuesta\", \"object\": \"resp3\"}}, {\"added\": {\"name\": \"Respuesta\", \"object\": \"resp4\"}}]"}}, {"model": "admin.logentry", "pk": 54, "fields": {"action_time": "2020-01-19T18:19:56.264Z", "user": 1, "content_type": 14, "object_id": "3", "object_repr": "Pregunta 1", "action_flag": 2, "change_message": "[{\"changed\": {\"fields\": [\"id_competencia\"]}}]"}}, {"model": "admin.logentry", "pk": 55, "fields": {"action_time": "2020-01-19T18:23:30.094Z", "user": 1, "content_type": 14, "object_id": "1", "object_repr": "Seleccione un motor de b\u00fasqueda de informaci\u00f3n acad\u00e9mica confiable:", "action_flag": 2, "change_message": "[{\"changed\": {\"fields\": [\"id_competencia\"]}}]"}}, {"model": "admin.logentry", "pk": 56, "fields": {"action_time": "2020-01-19T18:59:51.832Z", "user": 1, "content_type": 14, "object_id": "1", "object_repr": "Seleccione un motor de b\u00fasqueda de informaci\u00f3n acad\u00e9mica confiable:", "action_flag": 2, "change_message": "[{\"changed\": {\"name\": \"Respuesta\", \"object\": \"Bases de datos cient\\u00edficas.\", \"fields\": [\"valorRta\"]}}]"}}, {"model": "admin.logentry", "pk": 57, "fields": {"action_time": "2020-01-19T19:00:05.357Z", "user": 1, "content_type": 14, "object_id": "2", "object_repr": "Identifique la imagen que representa la rotaci\u00f3n de 135\u00b0 negativa de la figura.", "action_flag": 2, "change_message": "[{\"changed\": {\"name\": \"Respuesta\", \"object\": \"1.\", \"fields\": [\"valorRta\"]}}]"}}, {"model": "admin.logentry", "pk": 58, "fields": {"action_time": "2020-01-19T19:00:17.962Z", "user": 1, "content_type": 14, "object_id": "3", "object_repr": "Pregunta 1", "action_flag": 2, "change_message": "[{\"changed\": {\"name\": \"Respuesta\", \"object\": \"resp2\", \"fields\": [\"valorRta\"]}}, {\"changed\": {\"name\": \"Respuesta\", \"object\": \"resp3\", \"fields\": [\"valorRta\"]}}]"}}, {"model": "admin.logentry", "pk": 59, "fields": {"action_time": "2020-01-27T10:09:01.657Z", "user": 1, "content_type": 15, "object_id": "1", "object_repr": "Administrador", "action_flag": 2, "change_message": "[]"}}, {"model": "admin.logentry", "pk": 60, "fields": {"action_time": "2020-01-27T10:14:30.579Z", "user": 1, "content_type": 17, "object_id": "1", "object_repr": "Estudiante", "action_flag": 2, "change_message": "[{\"changed\": {\"fields\": [\"tipo_usuario\"]}}]"}}, {"model": "admin.logentry", "pk": 61, "fields": {"action_time": "2020-01-27T10:14:55.705Z", "user": 1, "content_type": 17, "object_id": "2", "object_repr": "administrador", "action_flag": 1, "change_message": "[{\"added\": {}}]"}}, {"model": "admin.logentry", "pk": 62, "fields": {"action_time": "2020-01-27T10:15:06.358Z", "user": 1, "content_type": 17, "object_id": "3", "object_repr": "Docentes", "action_flag": 1, "change_message": "[{\"added\": {}}]"}}, {"model": "admin.logentry", "pk": 63, "fields": {"action_time": "2020-01-27T10:15:11.380Z", "user": 1, "content_type": 17, "object_id": "2", "object_repr": "Administrador", "action_flag": 2, "change_message": "[{\"changed\": {\"fields\": [\"tipo_usuario\"]}}]"}}, {"model": "admin.logentry", "pk": 64, "fields": {"action_time": "2020-01-27T10:15:23.975Z", "user": 1, "content_type": 15, "object_id": "3", "object_repr": "Docentes", "action_flag": 2, "change_message": "[{\"changed\": {\"fields\": [\"id_tipoUsr\"]}}]"}}, {"model": "admin.logentry", "pk": 65, "fields": {"action_time": "2020-01-27T10:15:27.104Z", "user": 1, "content_type": 15, "object_id": "2", "object_repr": "Estudiantes", "action_flag": 2, "change_message": "[]"}}, {"model": "admin.logentry", "pk": 66, "fields": {"action_time": "2020-01-27T10:15:31.729Z", "user": 1, "content_type": 15, "object_id": "1", "object_repr": "Administrador", "action_flag": 2, "change_message": "[{\"changed\": {\"fields\": [\"id_tipoUsr\"]}}]"}}, {"model": "admin.logentry", "pk": 67, "fields": {"action_time": "2020-01-27T10:15:35.266Z", "user": 1, "content_type": 15, "object_id": "1", "object_repr": "Administrador", "action_flag": 2, "change_message": "[]"}}, {"model": "admin.logentry", "pk": 68, "fields": {"action_time": "2020-01-27T10:17:36.440Z", "user": 1, "content_type": 21, "object_id": "1", "object_repr": "djvalarezo", "action_flag": 2, "change_message": "[{\"changed\": {\"fields\": [\"codigo\", \"id_tipoUsr\"]}}]"}}, {"model": "admin.logentry", "pk": 69, "fields": {"action_time": "2020-01-27T10:18:25.974Z", "user": 1, "content_type": 7, "object_id": "4", "object_repr": "djvalarezo", "action_flag": 2, "change_message": "[{\"changed\": {\"fields\": [\"password\"]}}]"}}, {"model": "admin.logentry", "pk": 70, "fields": {"action_time": "2020-01-27T10:18:27.979Z", "user": 1, "content_type": 7, "object_id": "4", "object_repr": "djvalarezo", "action_flag": 2, "change_message": "[]"}}, {"model": "admin.logentry", "pk": 71, "fields": {"action_time": "2020-01-27T10:47:34.239Z", "user": 1, "content_type": 19, "object_id": "12", "object_repr": "resp4", "action_flag": 2, "change_message": "[{\"changed\": {\"fields\": [\"imagen\"]}}]"}}, {"model": "admin.logentry", "pk": 72, "fields": {"action_time": "2020-01-27T10:50:02.450Z", "user": 1, "content_type": 19, "object_id": "12", "object_repr": "resp4", "action_flag": 2, "change_message": "[{\"changed\": {\"fields\": [\"imagen\"]}}]"}}, {"model": "admin.logentry", "pk": 73, "fields": {"action_time": "2020-01-27T10:50:08.854Z", "user": 1, "content_type": 19, "object_id": "12", "object_repr": "resp4", "action_flag": 2, "change_message": "[{\"changed\": {\"fields\": [\"imagen\"]}}]"}}, {"model": "admin.logentry", "pk": 74, "fields": {"action_time": "2020-01-27T10:52:10.400Z", "user": 1, "content_type": 19, "object_id": "12", "object_repr": "resp4", "action_flag": 2, "change_message": "[{\"changed\": {\"fields\": [\"imagen\"]}}]"}}, {"model": "admin.logentry", "pk": 75, "fields": {"action_time": "2020-01-27T10:52:15.977Z", "user": 1, "content_type": 19, "object_id": "12", "object_repr": "resp4", "action_flag": 2, "change_message": "[{\"changed\": {\"fields\": [\"imagen\"]}}]"}}, {"model": "admin.logentry", "pk": 76, "fields": {"action_time": "2020-01-27T10:54:23.327Z", "user": 1, "content_type": 19, "object_id": "12", "object_repr": "resp4", "action_flag": 2, "change_message": "[{\"changed\": {\"fields\": [\"imagen_crop\"]}}]"}}, {"model": "admin.logentry", "pk": 77, "fields": {"action_time": "2020-02-01T15:49:20.827Z", "user": 1, "content_type": 14, "object_id": "3", "object_repr": "Pregunta 1", "action_flag": 2, "change_message": "[{\"changed\": {\"name\": \"Respuesta\", \"object\": \"resp4\", \"fields\": [\"imagen\"]}}]"}}, {"model": "admin.logentry", "pk": 78, "fields": {"action_time": "2020-02-01T15:51:15.586Z", "user": 1, "content_type": 14, "object_id": "3", "object_repr": "Pregunta 1", "action_flag": 2, "change_message": "[{\"changed\": {\"name\": \"Respuesta\", \"object\": \"\", \"fields\": [\"respuesta\", \"imagen\"]}}, {\"changed\": {\"name\": \"Respuesta\", \"object\": \"\", \"fields\": [\"respuesta\", \"imagen\"]}}, {\"changed\": {\"name\": \"Respuesta\", \"object\": \"\", \"fields\": [\"respuesta\", \"imagen\"]}}, {\"changed\": {\"name\": \"Respuesta\", \"object\": \"\", \"fields\": [\"respuesta\", \"imagen\"]}}]"}}, {"model": "admin.logentry", "pk": 79, "fields": {"action_time": "2020-02-01T15:51:54.163Z", "user": 1, "content_type": 14, "object_id": "3", "object_repr": "Pregunta 1", "action_flag": 2, "change_message": "[{\"changed\": {\"name\": \"Respuesta\", \"object\": \"\", \"fields\": [\"imagen_crop\"]}}]"}}, {"model": "admin.logentry", "pk": 80, "fields": {"action_time": "2020-02-01T16:13:13.534Z", "user": 1, "content_type": 14, "object_id": "3", "object_repr": "<p style=\"margin-left:0cm; margin-right:0cm; text-align:justify\"><span style=\"font-size:11pt\"><span style=\"font-family:Calibri,sans-serif\"><span style=\"font-size:12.0pt\"><span style=\"font-family:&quot", "action_flag": 2, "change_message": "[{\"changed\": {\"fields\": [\"pregunta\"]}}]"}}, {"model": "admin.logentry", "pk": 81, "fields": {"action_time": "2020-02-01T18:47:30.988Z", "user": 1, "content_type": 14, "object_id": "3", "object_repr": "<p style=\"margin-left:0cm; margin-right:0cm; text-align:justify\"><span style=\"font-size:11pt\"><span style=\"font-family:Calibri,sans-serif\"><span style=\"font-size:12.0pt\"><span style=\"font-family:&quot", "action_flag": 2, "change_message": "[{\"changed\": {\"fields\": [\"ayuda\", \"pregunta\"]}}]"}}, {"model": "admin.logentry", "pk": 82, "fields": {"action_time": "2020-02-01T18:48:15.438Z", "user": 1, "content_type": 14, "object_id": "3", "object_repr": "<p style=\"margin-left:0cm; margin-right:0cm; text-align:justify\"><span style=\"font-size:11pt\"><span style=\"font-family:Calibri,sans-serif\"><span style=\"font-size:12.0pt\"><span style=\"font-family:&quot", "action_flag": 2, "change_message": "[{\"changed\": {\"fields\": [\"pregunta\"]}}]"}}, {"model": "admin.logentry", "pk": 83, "fields": {"action_time": "2020-02-01T18:49:19.302Z", "user": 1, "content_type": 14, "object_id": "3", "object_repr": "<p style=\"margin-left:0cm; margin-right:0cm; text-align:justify\"><span style=\"font-size:11pt\"><span style=\"font-family:Calibri,sans-serif\"><span style=\"font-size:12.0pt\"><span style=\"font-family:&quot", "action_flag": 2, "change_message": "[{\"changed\": {\"fields\": [\"pregunta\"]}}]"}}, {"model": "admin.logentry", "pk": 84, "fields": {"action_time": "2020-02-01T19:22:21.106Z", "user": 1, "content_type": 14, "object_id": "3", "object_repr": "<p style=\"margin-left:0cm; margin-right:0cm; text-align:justify\"><span style=\"font-size:11pt\"><span style=\"font-family:Calibri,sans-serif\"><span style=\"font-size:12.0pt\"><span style=\"font-family:&quot", "action_flag": 2, "change_message": "[{\"changed\": {\"name\": \"Respuesta\", \"object\": \"no\", \"fields\": [\"respuesta\"]}}, {\"changed\": {\"name\": \"Respuesta\", \"object\": \"si2\", \"fields\": [\"respuesta\"]}}, {\"changed\": {\"name\": \"Respuesta\", \"object\": \"si1\", \"fields\": [\"respuesta\"]}}, {\"changed\": {\"name\": \"Respuesta\", \"object\": \"no\", \"fields\": [\"respuesta\"]}}]"}}, {"model": "admin.logentry", "pk": 85, "fields": {"action_time": "2020-02-01T19:22:44.543Z", "user": 1, "content_type": 14, "object_id": "2", "object_repr": "<p>Identifique la imagen que representa la rotaci&oacute;n de 135&deg; negativa de la figura.</p>", "action_flag": 2, "change_message": "[{\"changed\": {\"fields\": [\"pregunta\"]}}, {\"changed\": {\"name\": \"Respuesta\", \"object\": \"1. si1\", \"fields\": [\"respuesta\"]}}, {\"changed\": {\"name\": \"Respuesta\", \"object\": \"2 si2\", \"fields\": [\"respuesta\"]}}, {\"changed\": {\"name\": \"Respuesta\", \"object\": \"3 no\", \"fields\": [\"respuesta\"]}}, {\"changed\": {\"name\": \"Respuesta\", \"object\": \"4no\", \"fields\": [\"respuesta\"]}}]"}}, {"model": "admin.logentry", "pk": 86, "fields": {"action_time": "2020-02-01T19:23:05.294Z", "user": 1, "content_type": 14, "object_id": "1", "object_repr": "<p>Seleccione un motor de b&uacute;squeda de informaci&oacute;n acad&eacute;mica confiable:</p>", "action_flag": 2, "change_message": "[{\"changed\": {\"fields\": [\"pregunta\"]}}, {\"changed\": {\"name\": \"Respuesta\", \"object\": \"Google Acad\\u00e9mico. no\", \"fields\": [\"respuesta\"]}}, {\"changed\": {\"name\": \"Respuesta\", \"object\": \"Bases de datos cient\\u00edficas. si1\", \"fields\": [\"respuesta\"]}}, {\"changed\": {\"name\": \"Respuesta\", \"object\": \"Google no\", \"fields\": [\"respuesta\"]}}, {\"changed\": {\"name\": \"Respuesta\", \"object\": \"No puedo seleccionar un motor de b\\u00fasqueda confiable no\", \"fields\": [\"respuesta\"]}}]"}}, {"model": "admin.logentry", "pk": 87, "fields": {"action_time": "2020-02-01T19:24:47.614Z", "user": 1, "content_type": 14, "object_id": "2", "object_repr": "<p>Identifique la imagen que representa la rotaci&oacute;n de 135&deg; negativa de la figura.</p>", "action_flag": 2, "change_message": "[{\"changed\": {\"name\": \"Respuesta\", \"object\": \"2 si2\", \"fields\": [\"valorRta\"]}}]"}}, {"model": "admin.logentry", "pk": 88, "fields": {"action_time": "2020-02-01T19:57:25.604Z", "user": 1, "content_type": 18, "object_id": "48", "object_repr": "0", "action_flag": 3, "change_message": ""}}, {"model": "admin.logentry", "pk": 89, "fields": {"action_time": "2020-02-01T19:57:25.606Z", "user": 1, "content_type": 18, "object_id": "47", "object_repr": "0", "action_flag": 3, "change_message": ""}}, {"model": "admin.logentry", "pk": 90, "fields": {"action_time": "2020-02-01T19:57:25.608Z", "user": 1, "content_type": 18, "object_id": "46", "object_repr": "0", "action_flag": 3, "change_message": ""}}, {"model": "admin.logentry", "pk": 91, "fields": {"action_time": "2020-02-01T19:57:25.609Z", "user": 1, "content_type": 18, "object_id": "45", "object_repr": "0", "action_flag": 3, "change_message": ""}}, {"model": "admin.logentry", "pk": 92, "fields": {"action_time": "2020-02-01T19:57:25.610Z", "user": 1, "content_type": 18, "object_id": "44", "object_repr": "0", "action_flag": 3, "change_message": ""}}, {"model": "admin.logentry", "pk": 93, "fields": {"action_time": "2020-02-01T19:57:25.611Z", "user": 1, "content_type": 18, "object_id": "43", "object_repr": "0", "action_flag": 3, "change_message": ""}}, {"model": "admin.logentry", "pk": 94, "fields": {"action_time": "2020-02-01T19:57:25.612Z", "user": 1, "content_type": 18, "object_id": "42", "object_repr": "0", "action_flag": 3, "change_message": ""}}, {"model": "admin.logentry", "pk": 95, "fields": {"action_time": "2020-02-01T19:57:25.614Z", "user": 1, "content_type": 18, "object_id": "41", "object_repr": "0", "action_flag": 3, "change_message": ""}}, {"model": "admin.logentry", "pk": 96, "fields": {"action_time": "2020-02-01T19:57:25.615Z", "user": 1, "content_type": 18, "object_id": "40", "object_repr": "0", "action_flag": 3, "change_message": ""}}, {"model": "admin.logentry", "pk": 97, "fields": {"action_time": "2020-02-01T19:57:25.617Z", "user": 1, "content_type": 18, "object_id": "39", "object_repr": "0", "action_flag": 3, "change_message": ""}}, {"model": "admin.logentry", "pk": 98, "fields": {"action_time": "2020-02-01T19:57:25.618Z", "user": 1, "content_type": 18, "object_id": "38", "object_repr": "0", "action_flag": 3, "change_message": ""}}, {"model": "admin.logentry", "pk": 99, "fields": {"action_time": "2020-02-01T19:57:25.619Z", "user": 1, "content_type": 18, "object_id": "37", "object_repr": "0", "action_flag": 3, "change_message": ""}}, {"model": "admin.logentry", "pk": 100, "fields": {"action_time": "2020-02-01T19:57:25.619Z", "user": 1, "content_type": 18, "object_id": "36", "object_repr": "0", "action_flag": 3, "change_message": ""}}, {"model": "admin.logentry", "pk": 101, "fields": {"action_time": "2020-02-01T19:57:25.620Z", "user": 1, "content_type": 18, "object_id": "35", "object_repr": "0", "action_flag": 3, "change_message": ""}}, {"model": "admin.logentry", "pk": 102, "fields": {"action_time": "2020-02-01T19:57:25.622Z", "user": 1, "content_type": 18, "object_id": "34", "object_repr": "0", "action_flag": 3, "change_message": ""}}, {"model": "admin.logentry", "pk": 103, "fields": {"action_time": "2020-02-01T19:57:25.623Z", "user": 1, "content_type": 18, "object_id": "33", "object_repr": "0", "action_flag": 3, "change_message": ""}}, {"model": "admin.logentry", "pk": 104, "fields": {"action_time": "2020-02-01T19:57:25.624Z", "user": 1, "content_type": 18, "object_id": "32", "object_repr": "0", "action_flag": 3, "change_message": ""}}, {"model": "admin.logentry", "pk": 105, "fields": {"action_time": "2020-02-01T19:57:25.626Z", "user": 1, "content_type": 18, "object_id": "31", "object_repr": "0", "action_flag": 3, "change_message": ""}}, {"model": "admin.logentry", "pk": 106, "fields": {"action_time": "2020-02-01T19:57:25.628Z", "user": 1, "content_type": 18, "object_id": "30", "object_repr": "0", "action_flag": 3, "change_message": ""}}, {"model": "admin.logentry", "pk": 107, "fields": {"action_time": "2020-02-01T19:57:25.630Z", "user": 1, "content_type": 18, "object_id": "29", "object_repr": "0", "action_flag": 3, "change_message": ""}}, {"model": "admin.logentry", "pk": 108, "fields": {"action_time": "2020-02-01T19:57:25.631Z", "user": 1, "content_type": 18, "object_id": "28", "object_repr": "0", "action_flag": 3, "change_message": ""}}, {"model": "admin.logentry", "pk": 109, "fields": {"action_time": "2020-02-01T19:57:25.633Z", "user": 1, "content_type": 18, "object_id": "27", "object_repr": "0", "action_flag": 3, "change_message": ""}}, {"model": "admin.logentry", "pk": 110, "fields": {"action_time": "2020-02-01T19:57:25.634Z", "user": 1, "content_type": 18, "object_id": "26", "object_repr": "0", "action_flag": 3, "change_message": ""}}, {"model": "admin.logentry", "pk": 111, "fields": {"action_time": "2020-02-01T19:57:25.635Z", "user": 1, "content_type": 18, "object_id": "25", "object_repr": "0", "action_flag": 3, "change_message": ""}}, {"model": "admin.logentry", "pk": 112, "fields": {"action_time": "2020-02-01T19:57:25.637Z", "user": 1, "content_type": 18, "object_id": "24", "object_repr": "0", "action_flag": 3, "change_message": ""}}, {"model": "admin.logentry", "pk": 113, "fields": {"action_time": "2020-02-01T19:57:25.638Z", "user": 1, "content_type": 18, "object_id": "23", "object_repr": "0", "action_flag": 3, "change_message": ""}}, {"model": "admin.logentry", "pk": 114, "fields": {"action_time": "2020-02-01T19:57:25.639Z", "user": 1, "content_type": 18, "object_id": "22", "object_repr": "0", "action_flag": 3, "change_message": ""}}, {"model": "admin.logentry", "pk": 115, "fields": {"action_time": "2020-02-01T19:57:25.640Z", "user": 1, "content_type": 18, "object_id": "21", "object_repr": "0", "action_flag": 3, "change_message": ""}}, {"model": "admin.logentry", "pk": 116, "fields": {"action_time": "2020-02-01T19:57:25.642Z", "user": 1, "content_type": 18, "object_id": "20", "object_repr": "0", "action_flag": 3, "change_message": ""}}, {"model": "admin.logentry", "pk": 117, "fields": {"action_time": "2020-02-01T19:57:25.644Z", "user": 1, "content_type": 18, "object_id": "19", "object_repr": "0", "action_flag": 3, "change_message": ""}}, {"model": "admin.logentry", "pk": 118, "fields": {"action_time": "2020-02-01T19:57:25.645Z", "user": 1, "content_type": 18, "object_id": "18", "object_repr": "1", "action_flag": 3, "change_message": ""}}, {"model": "admin.logentry", "pk": 119, "fields": {"action_time": "2020-02-01T19:57:25.646Z", "user": 1, "content_type": 18, "object_id": "17", "object_repr": "2", "action_flag": 3, "change_message": ""}}, {"model": "admin.logentry", "pk": 120, "fields": {"action_time": "2020-02-01T19:57:25.647Z", "user": 1, "content_type": 18, "object_id": "16", "object_repr": "2", "action_flag": 3, "change_message": ""}}, {"model": "admin.logentry", "pk": 121, "fields": {"action_time": "2020-02-01T19:57:25.649Z", "user": 1, "content_type": 18, "object_id": "15", "object_repr": "1", "action_flag": 3, "change_message": ""}}, {"model": "admin.logentry", "pk": 122, "fields": {"action_time": "2020-02-01T19:57:25.650Z", "user": 1, "content_type": 18, "object_id": "14", "object_repr": "2", "action_flag": 3, "change_message": ""}}, {"model": "admin.logentry", "pk": 123, "fields": {"action_time": "2020-02-01T19:57:25.651Z", "user": 1, "content_type": 18, "object_id": "13", "object_repr": "2", "action_flag": 3, "change_message": ""}}, {"model": "admin.logentry", "pk": 124, "fields": {"action_time": "2020-02-01T19:57:25.653Z", "user": 1, "content_type": 18, "object_id": "12", "object_repr": "2", "action_flag": 3, "change_message": ""}}, {"model": "admin.logentry", "pk": 125, "fields": {"action_time": "2020-02-01T19:57:25.655Z", "user": 1, "content_type": 18, "object_id": "11", "object_repr": "0", "action_flag": 3, "change_message": ""}}, {"model": "admin.logentry", "pk": 126, "fields": {"action_time": "2020-02-01T19:57:25.656Z", "user": 1, "content_type": 18, "object_id": "10", "object_repr": "1", "action_flag": 3, "change_message": ""}}, {"model": "admin.logentry", "pk": 127, "fields": {"action_time": "2020-02-01T19:57:25.658Z", "user": 1, "content_type": 18, "object_id": "9", "object_repr": "1", "action_flag": 3, "change_message": ""}}, {"model": "admin.logentry", "pk": 128, "fields": {"action_time": "2020-02-01T19:57:25.659Z", "user": 1, "content_type": 18, "object_id": "8", "object_repr": "1", "action_flag": 3, "change_message": ""}}, {"model": "admin.logentry", "pk": 129, "fields": {"action_time": "2020-02-01T19:57:25.661Z", "user": 1, "content_type": 18, "object_id": "7", "object_repr": "0", "action_flag": 3, "change_message": ""}}, {"model": "admin.logentry", "pk": 130, "fields": {"action_time": "2020-02-01T19:57:25.662Z", "user": 1, "content_type": 18, "object_id": "6", "object_repr": "1", "action_flag": 3, "change_message": ""}}, {"model": "admin.logentry", "pk": 131, "fields": {"action_time": "2020-02-01T19:57:25.663Z", "user": 1, "content_type": 18, "object_id": "5", "object_repr": "1", "action_flag": 3, "change_message": ""}}, {"model": "admin.logentry", "pk": 132, "fields": {"action_time": "2020-02-01T19:57:25.665Z", "user": 1, "content_type": 18, "object_id": "4", "object_repr": "0", "action_flag": 3, "change_message": ""}}, {"model": "admin.logentry", "pk": 133, "fields": {"action_time": "2020-02-01T19:57:25.666Z", "user": 1, "content_type": 18, "object_id": "3", "object_repr": "0", "action_flag": 3, "change_message": ""}}, {"model": "admin.logentry", "pk": 134, "fields": {"action_time": "2020-02-01T19:57:25.672Z", "user": 1, "content_type": 18, "object_id": "2", "object_repr": "0", "action_flag": 3, "change_message": ""}}, {"model": "admin.logentry", "pk": 135, "fields": {"action_time": "2020-02-01T19:57:25.673Z", "user": 1, "content_type": 18, "object_id": "1", "object_repr": "1", "action_flag": 3, "change_message": ""}}, {"model": "admin.logentry", "pk": 136, "fields": {"action_time": "2020-02-01T20:17:29.619Z", "user": 1, "content_type": 19, "object_id": "12", "object_repr": "no", "action_flag": 3, "change_message": ""}}, {"model": "admin.logentry", "pk": 137, "fields": {"action_time": "2020-02-01T20:17:29.623Z", "user": 1, "content_type": 19, "object_id": "11", "object_repr": "si1", "action_flag": 3, "change_message": ""}}, {"model": "admin.logentry", "pk": 138, "fields": {"action_time": "2020-02-01T20:17:29.624Z", "user": 1, "content_type": 19, "object_id": "10", "object_repr": "si2", "action_flag": 3, "change_message": ""}}, {"model": "admin.logentry", "pk": 139, "fields": {"action_time": "2020-02-01T20:17:29.626Z", "user": 1, "content_type": 19, "object_id": "9", "object_repr": "no", "action_flag": 3, "change_message": ""}}, {"model": "admin.logentry", "pk": 140, "fields": {"action_time": "2020-02-01T20:17:29.627Z", "user": 1, "content_type": 19, "object_id": "8", "object_repr": "4no", "action_flag": 3, "change_message": ""}}, {"model": "admin.logentry", "pk": 141, "fields": {"action_time": "2020-02-01T20:17:29.628Z", "user": 1, "content_type": 19, "object_id": "7", "object_repr": "3 no", "action_flag": 3, "change_message": ""}}, {"model": "admin.logentry", "pk": 142, "fields": {"action_time": "2020-02-01T20:17:29.630Z", "user": 1, "content_type": 19, "object_id": "6", "object_repr": "2 si2", "action_flag": 3, "change_message": ""}}, {"model": "admin.logentry", "pk": 143, "fields": {"action_time": "2020-02-01T20:17:29.631Z", "user": 1, "content_type": 19, "object_id": "5", "object_repr": "1. si1", "action_flag": 3, "change_message": ""}}, {"model": "admin.logentry", "pk": 144, "fields": {"action_time": "2020-02-01T20:17:29.632Z", "user": 1, "content_type": 19, "object_id": "4", "object_repr": "No puedo seleccionar un motor de b\u00fasqueda confiable no", "action_flag": 3, "change_message": ""}}, {"model": "admin.logentry", "pk": 145, "fields": {"action_time": "2020-02-01T20:17:29.634Z", "user": 1, "content_type": 19, "object_id": "3", "object_repr": "Google no", "action_flag": 3, "change_message": ""}}, {"model": "admin.logentry", "pk": 146, "fields": {"action_time": "2020-02-01T20:17:29.635Z", "user": 1, "content_type": 19, "object_id": "2", "object_repr": "Bases de datos cient\u00edficas. si1", "action_flag": 3, "change_message": ""}}, {"model": "admin.logentry", "pk": 147, "fields": {"action_time": "2020-02-01T20:17:29.636Z", "user": 1, "content_type": 19, "object_id": "1", "object_repr": "Google Acad\u00e9mico. no", "action_flag": 3, "change_message": ""}}, {"model": "admin.logentry", "pk": 148, "fields": {"action_time": "2020-02-01T20:17:46.416Z", "user": 1, "content_type": 18, "object_id": "63", "object_repr": "2", "action_flag": 3, "change_message": ""}}, {"model": "admin.logentry", "pk": 149, "fields": {"action_time": "2020-02-01T20:17:46.418Z", "user": 1, "content_type": 18, "object_id": "62", "object_repr": "1", "action_flag": 3, "change_message": ""}}, {"model": "admin.logentry", "pk": 150, "fields": {"action_time": "2020-02-01T20:17:46.419Z", "user": 1, "content_type": 18, "object_id": "61", "object_repr": "2", "action_flag": 3, "change_message": ""}}, {"model": "admin.logentry", "pk": 151, "fields": {"action_time": "2020-02-01T20:17:46.421Z", "user": 1, "content_type": 18, "object_id": "60", "object_repr": "2", "action_flag": 3, "change_message": ""}}, {"model": "admin.logentry", "pk": 152, "fields": {"action_time": "2020-02-01T20:17:46.422Z", "user": 1, "content_type": 18, "object_id": "59", "object_repr": "1", "action_flag": 3, "change_message": ""}}, {"model": "admin.logentry", "pk": 153, "fields": {"action_time": "2020-02-01T20:17:46.423Z", "user": 1, "content_type": 18, "object_id": "58", "object_repr": "2", "action_flag": 3, "change_message": ""}}, {"model": "admin.logentry", "pk": 154, "fields": {"action_time": "2020-02-01T20:17:46.425Z", "user": 1, "content_type": 18, "object_id": "57", "object_repr": "2", "action_flag": 3, "change_message": ""}}, {"model": "admin.logentry", "pk": 155, "fields": {"action_time": "2020-02-01T20:17:46.426Z", "user": 1, "content_type": 18, "object_id": "56", "object_repr": "2", "action_flag": 3, "change_message": ""}}, {"model": "admin.logentry", "pk": 156, "fields": {"action_time": "2020-02-01T20:17:46.427Z", "user": 1, "content_type": 18, "object_id": "55", "object_repr": "1", "action_flag": 3, "change_message": ""}}, {"model": "admin.logentry", "pk": 157, "fields": {"action_time": "2020-02-01T20:17:46.428Z", "user": 1, "content_type": 18, "object_id": "54", "object_repr": "2", "action_flag": 3, "change_message": ""}}, {"model": "admin.logentry", "pk": 158, "fields": {"action_time": "2020-02-01T20:17:46.429Z", "user": 1, "content_type": 18, "object_id": "53", "object_repr": "2", "action_flag": 3, "change_message": ""}}, {"model": "admin.logentry", "pk": 159, "fields": {"action_time": "2020-02-01T20:17:46.431Z", "user": 1, "content_type": 18, "object_id": "52", "object_repr": "1", "action_flag": 3, "change_message": ""}}, {"model": "admin.logentry", "pk": 160, "fields": {"action_time": "2020-02-01T20:17:46.432Z", "user": 1, "content_type": 18, "object_id": "51", "object_repr": "1", "action_flag": 3, "change_message": ""}}, {"model": "admin.logentry", "pk": 161, "fields": {"action_time": "2020-02-01T20:17:46.433Z", "user": 1, "content_type": 18, "object_id": "50", "object_repr": "2", "action_flag": 3, "change_message": ""}}, {"model": "admin.logentry", "pk": 162, "fields": {"action_time": "2020-02-01T20:17:46.434Z", "user": 1, "content_type": 18, "object_id": "49", "object_repr": "2", "action_flag": 3, "change_message": ""}}, {"model": "admin.logentry", "pk": 163, "fields": {"action_time": "2020-02-01T20:17:58.850Z", "user": 1, "content_type": 14, "object_id": "3", "object_repr": "<p style=\"margin-left:0cm; margin-right:0cm; text-align:justify\"><span style=\"font-size:11pt\"><span style=\"font-family:Calibri,sans-serif\"><span style=\"font-size:12.0pt\"><span style=\"font-family:&quot", "action_flag": 3, "change_message": ""}}, {"model": "admin.logentry", "pk": 164, "fields": {"action_time": "2020-02-01T20:17:58.851Z", "user": 1, "content_type": 14, "object_id": "2", "object_repr": "<p>Identifique la imagen que representa la rotaci&oacute;n de 135&deg; negativa de la figura.</p>", "action_flag": 3, "change_message": ""}}, {"model": "admin.logentry", "pk": 165, "fields": {"action_time": "2020-02-01T20:17:58.853Z", "user": 1, "content_type": 14, "object_id": "1", "object_repr": "<p>Seleccione un motor de b&uacute;squeda de informaci&oacute;n acad&eacute;mica confiable:</p>", "action_flag": 3, "change_message": ""}}, {"model": "admin.logentry", "pk": 166, "fields": {"action_time": "2020-02-01T20:19:38.320Z", "user": 1, "content_type": 12, "object_id": "3", "object_repr": "Almacenamiento y recuperaci\u00f3n de informaci\u00f3n, datos y contenido digital", "action_flag": 2, "change_message": "[{\"changed\": {\"fields\": [\"detalle_competencia\"]}}]"}}, {"model": "admin.logentry", "pk": 167, "fields": {"action_time": "2020-02-01T20:33:06.113Z", "user": 1, "content_type": 14, "object_id": "4", "object_repr": "<p>Seleccione un motor de b&uacute;squeda de informaci&oacute;n acad&eacute;mica confiable.</p>", "action_flag": 1, "change_message": "[{\"added\": {}}, {\"added\": {\"name\": \"Respuesta\", \"object\": \"a)\\tGoogle Acad\\u00e9mico.\"}}, {\"added\": {\"name\": \"Respuesta\", \"object\": \"b)\\tBases de datos cient\\u00edficas.\"}}, {\"added\": {\"name\": \"Respuesta\", \"object\": \"c)\\tGoogle.\"}}, {\"added\": {\"name\": \"Respuesta\", \"object\": \"d)\\tNo puedo seleccionar un motor de b\\u00fasqueda confiable.\"}}]"}}, {"model": "admin.logentry", "pk": 168, "fields": {"action_time": "2020-02-01T20:35:41.758Z", "user": 1, "content_type": 14, "object_id": "5", "object_repr": "<p>&iquest;Qu&eacute; medidas toma para el bloqueo de URL o sitios web no aptos para menores de edad?</p>", "action_flag": 1, "change_message": "[{\"added\": {}}, {\"added\": {\"name\": \"Respuesta\", \"object\": \"a)\\tBloqueo de URL.\"}}, {\"added\": {\"name\": \"Respuesta\", \"object\": \"b)\\tBlack list del router.\"}}, {\"added\": {\"name\": \"Respuesta\", \"object\": \"c)\\tVerificar historial de b\\u00fasqueda para controlar las b\\u00fasquedas.\"}}, {\"added\": {\"name\": \"Respuesta\", \"object\": \"d)\\tNo puedo bloquear ning\\u00fan URL o sitios web.\"}}]"}}, {"model": "admin.logentry", "pk": 169, "fields": {"action_time": "2020-02-01T20:37:20.993Z", "user": 1, "content_type": 14, "object_id": "6", "object_repr": "<p>En las siguientes im&aacute;genes sobre la clasificaci&oacute;n de edades en lenguaje Python, el c&oacute;digo correcto es:</p>", "action_flag": 1, "change_message": "[{\"added\": {}}, {\"added\": {\"name\": \"Respuesta\", \"object\": \"\"}}, {\"added\": {\"name\": \"Respuesta\", \"object\": \"\"}}, {\"added\": {\"name\": \"Respuesta\", \"object\": \"\"}}, {\"added\": {\"name\": \"Respuesta\", \"object\": \"No puedo reconocer cual es el c\\u00f3digo correcto\"}}]"}}]